contract_id,source_contract_id,source_partition,source_index,split,context_group_id,contract_title,contract_type,contract_type_confidence,rule_contract_risk_band,rule_contract_risk_ordinal,rule_contract_review_priority_band,rule_contract_review_priority_ordinal,rule_label_status,rollup_policy_id,triggering_assessment_ids,triggering_domains,unresolved_required_categories,rationale,use_for_model_fit,use_for_model_validation,contract_text_sha256
cuad_train_0001,contract_0001,train,1,train,context_41f7921a65,LIMEENERGYCO_09_09_1999-EX-10-DISTRIBUTOR AGREEMENT,distribution,high,high,3,high,3,weak_rule_rollup,buyer_risk_rollup,"[""cuad_train_0001:cap_on_liability""]","[""liability_allocation""]","[""renewal_term""]",At least one distinct issue family contains a High finding.,False,False,95ea6fae5227f2424896bb354e9de452c7f05a85dc0acb72fa6bd72ebe37a236
cuad_train_0002,contract_0002,train,2,train,context_d545018697,"WHITESMOKE,INC_11_08_2011-EX-10.26-PROMOTION AND DISTRIBUTION AGREEMENT",distribution,high,medium,2,medium,2,weak_rule_rollup,buyer_risk_rollup,"[""cuad_train_0002:termination_for_convenience""]","[""term_and_exit""]","[""audit_rights"", ""cap_on_liability"", ""governing_law"", ""license_grant"", ""uncapped_liability""]",At least one distinct issue family contains a Medium finding.,False,False,8b34af224646d2837b3552c7380dd430403d3665a6141ef0bf5b1088e42fbb9a
cuad_train_0003,contract_0003,train,3,train,context_8cc65b1516,NELNETINC_04_08_2020-EX-1-JOINT FILING AGREEMENT,unknown,low,medium,2,medium,2,weak_rule_rollup,buyer_risk_rollup,"[""cuad_train_0003:governing_law""]","[""dispute_resolution""]","[""cap_on_liability"", ""license_grant"", ""termination_for_convenience""]",At least one distinct issue family contains a Medium finding.,False,False,c2026111e62647e4b40f3f946105ffbdffeb59a79a51f6515f4ff11fc6a0b481
cuad_train_0004,contract_0004,train,4,train,context_3b2346a2bc,ADAMSGOLFINC_03_21_2005-EX-10.17-ENDORSEMENT AGREEMENT,marketing,high,medium,2,medium,2,weak_rule_rollup,buyer_risk_rollup,"[""cuad_train_0004:exclusivity"", ""cuad_train_0004:license_grant""]","[""commercial_restrictions"", ""intellectual_property""]","[""cap_on_liability"", ""termination_for_convenience""]",At least one distinct issue family contains a Medium finding.,False,False,ca9acda7d2710198107402f632ede2a69f365f8dd8417f13e9a2e463d3ecdad8
cuad_train_0005,contract_0005,train,5,train,context_1d348d1f41,"KIROMICBIOPHARMA,INC_05_11_2020-EX-10.23-CONSULTING AGREEMENT",services,high,high,3,high,3,weak_rule_rollup,buyer_risk_rollup,"[""cuad_train_0005:cap_on_liability""]","[""liability_allocation""]",[],At least one distinct issue family contains a High finding.,False,False,aacd48ab914fdede120150e2da4e222b342fa4f963a830384f8c848e9bf738a9
cuad_train_0006,contract_0006,train,6,train,context_5e02051e9d,"VEONEER,INC_02_21_2020-EX-10.11-JOINT VENTURE AGREEMENT",collaboration,high,high,3,high,3,weak_rule_rollup,buyer_risk_rollup,"[""cuad_train_0006:cap_on_liability""]","[""liability_allocation""]",[],At least one distinct issue family contains a High finding.,False,False,c9ab266dd8eeb900805cae1c37539145898f8c58dc6ed13c4b76c438e1bac051
cuad_train_0007,contract_0007,train,7,train,context_36d9ab1bc4,"MetLife, Inc. - Remarketing Agreement",unknown,low,low,1,medium,2,weak_rule_rollup,buyer_risk_rollup,"[""cuad_train_0007:cap_on_liability"", ""cuad_train_0007:license_grant"", ""cuad_train_0007:termination_for_convenience""]","[""intellectual_property"", ""liability_allocation"", ""term_and_exit""]","[""cap_on_liability"", ""license_grant"", ""termination_for_convenience""]","No explicit finding exceeds Low severity, but a material issue remains unresolved and raises review priority to Medium.",False,False,b3c627873c35bf0ca94050cb1ac9f463c31193f81376ea4f3cb921e0bad3a37a
cuad_train_0008,contract_0008,train,8,train,context_ac558a16de,"FTENETWORKS,INC_02_18_2016-EX-99.4-STRATEGIC ALLIANCE AGREEMENT",collaboration,high,high,3,high,3,weak_rule_rollup,buyer_risk_rollup,"[""cuad_train_0008:cap_on_liability""]","[""liability_allocation""]",[],At least one distinct issue family contains a High finding.,False,False,f9db7b25f0fd035c70cd0950fb2a2642875b7b5ab09a54e4d24dbfa7597d55e5
cuad_train_0009,contract_0009,train,9,train,context_58d8fae419,DOMINIADVISORTRUST_02_18_2005-EX-99.(H)(2)-SPONSORSHIP AGREEMENT,marketing,high,medium,2,medium,2,weak_rule_rollup,buyer_risk_rollup,"[""cuad_train_0009:cap_on_liability""]","[""liability_allocation""]","[""license_grant""]",At least one distinct issue family contains a Medium finding.,False,False,d0a1da3829ff9e1cd503b5cdcde475c8b3287a3fb9e987337538fd46d6150b7e
cuad_train_0010,contract_0010,train,10,train,context_4f400956e3,PfHospitalityGroupInc_20150923_10-12G_EX-10.1_9266710_EX-10.1_Franchise Agreement3,franchise,high,high,3,high,3,weak_rule_rollup,buyer_risk_rollup,"[""cuad_train_0010:cap_on_liability""]","[""liability_allocation""]",[],At least one distinct issue family contains a High finding.,False,False,6a5932ec6cc584c1976b516aae469c6f8f2335db1c65d008e2ab596b35b7a2de
cuad_train_0011,contract_0011,train,11,train,context_2ec83c2f37,CerenceInc_20191002_8-K_EX-10.4_11827494_EX-10.4_Intellectual Property Agreement,unknown,low,medium,2,medium,2,weak_rule_rollup,buyer_risk_rollup,"[""cuad_train_0011:license_grant"", ""cuad_train_0011:termination_for_convenience""]","[""intellectual_property"", ""term_and_exit""]","[""cap_on_liability""]",At least one distinct issue family contains a Medium finding.,False,False,cae1021a576e7472db500d0d43f6a15a43625b0825bece22c1ed18e959dd578f
cuad_train_0012,contract_0012,train,12,train,context_2eb83c8f08,ReynoldsConsumerProductsInc_20191115_S-1_EX-10.18_11896469_EX-10.18_Supply Agreement,supply,high,medium,2,medium,2,weak_rule_rollup,buyer_risk_rollup,"[""cuad_train_0012:anti_assignment"", ""cuad_train_0012:termination_for_convenience"", ""cuad_train_0012:uncapped_liability""]","[""corporate_flexibility"", ""liability_allocation"", ""term_and_exit""]","[""cap_on_liability""]",At least one distinct issue family contains a Medium finding.,False,False,8c63d9a33c82bdae898b8511f7e476205323844dfee40ce52765fc08e2a5f200
cuad_train_0013,contract_0013,train,13,validation,context_dc0f3df3b2,IntegrityFunds_20200121_485BPOS_EX-99.E UNDR CONTR_11948727_EX-99.E UNDR CONTR_Service Agreement,services,high,high,3,high,3,weak_rule_rollup,buyer_risk_rollup,"[""cuad_train_0013:cap_on_liability""]","[""liability_allocation""]","[""audit_rights""]",At least one distinct issue family contains a High finding.,False,False,2135a565bb91e5f7a162f64ff162e18cb9e1235993c1874be87ccdf5060e0f04
cuad_train_0014,contract_0014,train,14,train,context_0db4db8e92,PREMIERBIOMEDICALINC_05_14_2020-EX-10.2-INTELLECTUAL PROPERTY AGREEMENT,unknown,low,medium,2,medium,2,weak_rule_rollup,buyer_risk_rollup,"[""cuad_train_0014:revenue_profit_sharing""]","[""commercial_economics""]","[""cap_on_liability"", ""revenue_profit_sharing"", ""termination_for_convenience""]",At least one distinct issue family contains a Medium finding.,False,False,e821a32fe4b1f36af17b4a8ad1079b3fe7a6ed1cc2f950bda202bdb5012db13b
cuad_train_0015,contract_0015,train,15,validation,context_52a855740d,"SIBANNAC,INC_12_04_2017-EX-2.1-Strategic Alliance Agreement",collaboration,high,high,3,high,3,weak_rule_rollup,buyer_risk_rollup,"[""cuad_train_0015:cap_on_liability""]","[""liability_allocation""]","[""revenue_profit_sharing""]",At least one distinct issue family contains a High finding.,False,False,c0b6b7a59795c666d653f5bc73bddba2d852fc59c63b93b97d648a8c593c921f
cuad_train_0016,contract_0016,train,16,train,context_2b62286935,INTRICONCORP_03_10_2009-EX-10.22-Strategic Alliance Agreement,collaboration,high,medium,2,medium,2,weak_rule_rollup,buyer_risk_rollup,"[""cuad_train_0016:anti_assignment"", ""cuad_train_0016:cap_on_liability"", ""cuad_train_0016:exclusivity"", ""cuad_train_0016:governing_law"", ""cuad_train_0016:license_grant"", ""cuad_train_0016:revenue_profit_sharing"", ""cuad_train_0016:termination_for_convenience""]","[""commercial_economics"", ""commercial_restrictions"", ""corporate_flexibility"", ""dispute_resolution"", ""intellectual_property"", ""liability_allocation"", ""term_and_exit""]","[""audit_rights"", ""exclusivity""]",At least one distinct issue family contains a Medium finding.,False,False,9ffe697eb66dc8b81ad3fc70e31d6d857c6d53eb2cafaa933acb78858ff46c5a
cuad_train_0017,contract_0017,train,17,train,context_681fe8b514,BONTONSTORESINC_04_20_2018-EX-99.3-AGENCY AGREEMENT,unknown,low,medium,2,medium,2,weak_rule_rollup,buyer_risk_rollup,"[""cuad_train_0017:anti_assignment"", ""cuad_train_0017:audit_rights"", ""cuad_train_0017:termination_for_convenience""]","[""commercial_economics"", ""corporate_flexibility"", ""term_and_exit""]","[""audit_rights"", ""cap_on_liability""]",At least one distinct issue family contains a Medium finding.,False,False,ff5ba383789fab50f4a3675805093940457d856495dd6786d630e7018bb2c511
cuad_train_0018,contract_0018,train,18,validation,context_8be64f6ea0,"ON2TECHNOLOGIES,INC_11_17_2006-EX-10.3-SUPPORT AND MAINTENANCE AGREEMENT",unknown,low,low,1,medium,2,weak_rule_rollup,buyer_risk_rollup,"[""cuad_train_0018:cap_on_liability"", ""cuad_train_0018:license_grant"", ""cuad_train_0018:termination_for_convenience""]","[""intellectual_property"", ""liability_allocation"", ""term_and_exit""]","[""cap_on_liability"", ""license_grant"", ""termination_for_convenience""]","No explicit finding exceeds Low severity, but a material issue remains unresolved and raises review priority to Medium.",False,False,9cb2a35f78070d574ac202873457b91f572981c78916cc28df9377424083f6da
cuad_train_0019,contract_0019,train,19,train,context_aa67ece2ce,Freecook_20180605_S-1_EX-10.3_11233807_EX-10.3_Hosting Agreement,unknown,low,medium,2,medium,2,weak_rule_rollup,buyer_risk_rollup,"[""cuad_train_0019:governing_law""]","[""dispute_resolution""]","[""cap_on_liability"", ""termination_for_convenience""]",At least one distinct issue family contains a Medium finding.,False,False,2f6b37b85a74830fdfa7d9aaa4aee2b4806242404fbd8baa5730d15f20fd4933
cuad_train_0020,contract_0020,train,20,train,context_17de9c329c,OPERALTD_04_30_2020-EX-4.14-SERVICE AGREEMENT,services,high,medium,2,medium,2,weak_rule_rollup,buyer_risk_rollup,"[""cuad_train_0020:anti_assignment"", ""cuad_train_0020:audit_rights"", ""cuad_train_0020:governing_law"", ""cuad_train_0020:termination_for_convenience"", ""cuad_train_0020:uncapped_liability""]","[""commercial_economics"", ""corporate_flexibility"", ""dispute_resolution"", ""liability_allocation"", ""term_and_exit""]","[""cap_on_liability"", ""renewal_term"", ""uncapped_liability""]",At least one distinct issue family contains a Medium finding.,False,False,579818d20eb50a9cb9893ff4dea109b70d2e74094c06489a994506b2079414fa
cuad_train_0021,contract_0021,train,21,train,context_beffa953a7,"BORROWMONEYCOM,INC_06_11_2020-EX-10.1-JOINT VENTURE AGREEMENT",collaboration,high,high,3,high,3,weak_rule_rollup,buyer_risk_rollup,"[""cuad_train_0021:cap_on_liability""]","[""liability_allocation""]","[""audit_rights""]",At least one distinct issue family contains a High finding.,False,False,61a7d17bc4cba4531dc64d18cb48153499b3fa978f54b5c3583208146897703f
cuad_train_0022,contract_0022,train,22,validation,context_2b2688532c,ZEBRATECHNOLOGIESCORP_04_16_2014-EX-10.1-INTELLECTUAL PROPERTY AGREEMENT,unknown,low,medium,2,medium,2,weak_rule_rollup,buyer_risk_rollup,"[""cuad_train_0022:cap_on_liability"", ""cuad_train_0022:license_grant""]","[""intellectual_property"", ""liability_allocation""]","[""termination_for_convenience""]",At least one distinct issue family contains a Medium finding.,False,False,7531749b5e46a8c1523b8469a1d1d629a2447c354f97bb9bf850fe683d530443
cuad_train_0023,contract_0023,train,23,validation,context_1d128e249e,ChinaRealEstateInformationCorp_20090929_F-1_EX-10.32_4771615_EX-10.32_Content License Agreement,license,high,high,3,high,3,weak_rule_rollup,buyer_risk_rollup,"[""cuad_train_0023:cap_on_liability""]","[""liability_allocation""]",[],At least one distinct issue family contains a High finding.,False,False,8881b5815dde9e3f52c43311f80baaf25e10dd15ed5b52740e94ca4a0aba433a
cuad_train_0024,contract_0024,train,24,train,context_0835bda997,GLOBALTECHNOLOGIESLTD_06_08_2020-EX-10.16-CONSULTING AGREEMENT,services,high,high,3,high,3,weak_rule_rollup,buyer_risk_rollup,"[""cuad_train_0024:cap_on_liability""]","[""liability_allocation""]",[],At least one distinct issue family contains a High finding.,False,False,5e1d16a85e1845db35b8b58dc713cbdba7a4cfd4b04d2391a2052e993edc035b
cuad_train_0025,contract_0025,train,25,train,context_ef17b1e604,PfHospitalityGroupInc_20150923_10-12G_EX-10.1_9266710_EX-10.1_Franchise Agreement1,franchise,high,medium,2,medium,2,weak_rule_rollup,buyer_risk_rollup,"[""cuad_train_0025:audit_rights"", ""cuad_train_0025:license_grant"", ""cuad_train_0025:termination_for_convenience""]","[""commercial_economics"", ""intellectual_property"", ""term_and_exit""]","[""audit_rights"", ""cap_on_liability"", ""license_grant"", ""renewal_term"", ""revenue_profit_sharing""]",At least one distinct issue family contains a Medium finding.,False,False,3d9aa8e816a1271c5169e51a03dd88439b1278c21ce57cb28b786e22335108e4
cuad_train_0026,contract_0026,train,26,train,context_cdc3e59f74,CORIOINC_07_20_2000-EX-10.5-LICENSE AND HOSTING AGREEMENT,license,high,medium,2,medium,2,weak_rule_rollup,buyer_risk_rollup,"[""cuad_train_0026:license_grant"", ""cuad_train_0026:termination_for_convenience"", ""cuad_train_0026:uncapped_liability""]","[""intellectual_property"", ""liability_allocation"", ""term_and_exit""]","[""audit_rights"", ""cap_on_liability"", ""license_grant"", ""revenue_profit_sharing""]",At least one distinct issue family contains a Medium finding.,False,False,01ce3afc80c5e4c08465c0f361e4c19bf2989d4e9657091af2cb32ecd9aea4c0
cuad_train_0027,contract_0027,train,27,train,context_73b02bb073,SENMIAOTECHNOLOGYLTD_02_19_2019-EX-10.5-Collaboration Agreement,collaboration,high,medium,2,medium,2,weak_rule_rollup,buyer_risk_rollup,"[""cuad_train_0027:cap_on_liability"", ""cuad_train_0027:governing_law""]","[""dispute_resolution"", ""liability_allocation""]","[""cap_on_liability"", ""termination_for_convenience""]",At least one distinct issue family contains a Medium finding.,False,False,8da2c49973d8fb73e5107a17b76c10c7cbf38fdb97b6235e9ab77446c9c8de0a
cuad_train_0028,contract_0028,train,28,train,context_246ef13ba2,HealthcareIntegratedTechnologiesInc_20190812_8-K_EX-10.1_11776966_EX-10.1_Reseller Agreement,distribution,high,medium,2,medium,2,weak_rule_rollup,buyer_risk_rollup,"[""cuad_train_0028:cap_on_liability"", ""cuad_train_0028:renewal_term""]","[""liability_allocation"", ""term_and_exit""]",[],At least one distinct issue family contains a Medium finding.,False,False,d172327b68fd725ed5c08ba20640023bb56b6e0904d75c65d53bb4acc97092d8
cuad_train_0029,contract_0029,train,29,validation,context_edcca5ba86,LOYALTYPOINTINC_11_16_2004-EX-10.2-RESELLER AGREEMENT,distribution,high,medium,2,medium,2,weak_rule_rollup,buyer_risk_rollup,"[""cuad_train_0029:anti_assignment"", ""cuad_train_0029:cap_on_liability"", ""cuad_train_0029:termination_for_convenience""]","[""corporate_flexibility"", ""liability_allocation"", ""term_and_exit""]","[""exclusivity""]",At least one distinct issue family contains a Medium finding.,False,False,290ce4508e7d680d1a8422c7149b8b928c6b5121a9b7e8df711ffc2c78804158
cuad_train_0030,contract_0030,train,30,train,context_7f3ce87551,BNCMORTGAGEINC_05_17_1999-EX-10.4-LICENSING AND WEB SITE HOSTING AGREEMENT,license,high,medium,2,medium,2,weak_rule_rollup,buyer_risk_rollup,"[""cuad_train_0030:cap_on_liability"", ""cuad_train_0030:license_grant"", ""cuad_train_0030:termination_for_convenience""]","[""intellectual_property"", ""liability_allocation"", ""term_and_exit""]",[],At least one distinct issue family contains a Medium finding.,False,False,dd81dd4162ec1cdc868071ccd0ccf214d68e24d35a5ff5e3a703f324dd47f4b8
cuad_train_0031,contract_0031,train,31,train,context_179f53b149,ENERGOUSCORP_03_16_2017-EX-10.24-STRATEGIC ALLIANCE AGREEMENT,collaboration,high,medium,2,medium,2,weak_rule_rollup,buyer_risk_rollup,"[""cuad_train_0031:revenue_profit_sharing"", ""cuad_train_0031:termination_for_convenience""]","[""commercial_economics"", ""term_and_exit""]","[""cap_on_liability"", ""exclusivity"", ""license_grant"", ""uncapped_liability""]",At least one distinct issue family contains a Medium finding.,False,False,d2dcc7fa33b3143ae561025ba2e907e4c3d36a7ee3782f8b3d35744c7642a0f9
cuad_train_0032,contract_0032,train,32,validation,context_43633d4a14,CytodynInc_20200109_10-Q_EX-10.5_11941634_EX-10.5_License Agreement,license,high,medium,2,medium,2,weak_rule_rollup,buyer_risk_rollup,"[""cuad_train_0032:anti_assignment"", ""cuad_train_0032:exclusivity"", ""cuad_train_0032:license_grant"", ""cuad_train_0032:uncapped_liability""]","[""commercial_restrictions"", ""corporate_flexibility"", ""intellectual_property"", ""liability_allocation""]","[""audit_rights"", ""license_grant"", ""revenue_profit_sharing"", ""termination_for_convenience""]",At least one distinct issue family contains a Medium finding.,False,False,b0260f5f7048eabdee209987eb7a20c10aaf0a4b9503552e7c1bad2d7d784c3b
cuad_train_0033,contract_0033,train,33,validation,context_b96c2ff51f,NICELTD_06_26_2003-EX-4.5-OUTSOURCING AGREEMENT,services,high,medium,2,medium,2,weak_rule_rollup,buyer_risk_rollup,"[""cuad_train_0033:governing_law"", ""cuad_train_0033:renewal_term""]","[""dispute_resolution"", ""term_and_exit""]","[""audit_rights"", ""cap_on_liability"", ""revenue_profit_sharing""]",At least one distinct issue family contains a Medium finding.,False,False,4dd3c78211abb8cbe0200daddaca6a1cf86ae1227766d9bcbc3e8fd1fd642870
cuad_train_0034,contract_0034,train,34,train,context_69a744ebb1,ImpresseCorp_20000322_S-1A_EX-10.11_5199234_EX-10.11_Co-Branding Agreement,unknown,low,medium,2,medium,2,weak_rule_rollup,buyer_risk_rollup,"[""cuad_train_0034:revenue_profit_sharing"", ""cuad_train_0034:uncapped_liability""]","[""commercial_economics"", ""liability_allocation""]","[""audit_rights"", ""cap_on_liability"", ""revenue_profit_sharing"", ""termination_for_convenience"", ""uncapped_liability""]",At least one distinct issue family contains a Medium finding.,False,False,4186455103fb0bf05e3fcbaba1731444282aacc95f3fdde33544e613c0997b9b
cuad_train_0035,contract_0035,train,35,validation,context_1debb645c3,AlliedEsportsEntertainmentInc_20190815_8-K_EX-10.19_11788293_EX-10.19_Content License Agreement,license,high,medium,2,medium,2,weak_rule_rollup,buyer_risk_rollup,"[""cuad_train_0035:license_grant"", ""cuad_train_0035:renewal_term""]","[""intellectual_property"", ""term_and_exit""]","[""audit_rights"", ""license_grant""]",At least one distinct issue family contains a Medium finding.,False,False,82411b6956e9a2144f8a1440891954249156112d44057c01f778ae577ab864a9
cuad_train_0036,contract_0036,train,36,train,context_8348d0308c,CreditcardscomInc_20070810_S-1_EX-10.33_362297_EX-10.33_Affiliate Agreement,unknown,low,medium,2,medium,2,weak_rule_rollup,buyer_risk_rollup,"[""cuad_train_0036:cap_on_liability"", ""cuad_train_0036:termination_for_convenience""]","[""liability_allocation"", ""term_and_exit""]","[""termination_for_convenience""]",At least one distinct issue family contains a Medium finding.,False,False,29b719c456250aea65501b771c0dc859094c9a5d5b074a6af4fe4254bd5c4384
cuad_train_0037,contract_0037,train,37,train,context_49f6d6f555,GALACTICOMMTECHNOLOGIESINC_11_07_1997-EX-10.46-WEB HOSTING AGREEMENT,unknown,low,medium,2,medium,2,weak_rule_rollup,buyer_risk_rollup,"[""cuad_train_0037:governing_law"", ""cuad_train_0037:license_grant""]","[""dispute_resolution"", ""intellectual_property""]","[""cap_on_liability"", ""termination_for_convenience""]",At least one distinct issue family contains a Medium finding.,False,False,c7e0ec3bad78c69311c6a44d7df972672bf2267fcb40e31a915b7dff639370db
cuad_train_0038,contract_0038,train,38,train,context_9580f46abb,"Zounds Hearing, Inc. - MANUFACTURING DESIGN MARKETING AGREEMENT",marketing,high,medium,2,medium,2,weak_rule_rollup,buyer_risk_rollup,"[""cuad_train_0038:cap_on_liability""]","[""liability_allocation""]","[""audit_rights"", ""license_grant"", ""termination_for_convenience""]",At least one distinct issue family contains a Medium finding.,False,False,f937d9d8473ea43cf76f0826065fd6af38b08c2ccb46792bcf65de1652719485
cuad_train_0039,contract_0039,train,39,train,context_a9434e1e58,CUROGROUPHOLDINGSCORP_05_04_2020-EX-10.3-SERVICING AGREEMENT,unknown,low,low,1,medium,2,weak_rule_rollup,buyer_risk_rollup,"[""cuad_train_0039:audit_rights"", ""cuad_train_0039:cap_on_liability"", ""cuad_train_0039:license_grant"", ""cuad_train_0039:termination_for_convenience""]","[""commercial_economics"", ""intellectual_property"", ""liability_allocation"", ""term_and_exit""]","[""audit_rights"", ""cap_on_liability"", ""license_grant"", ""termination_for_convenience""]","No explicit finding exceeds Low severity, but a material issue remains unresolved and raises review priority to Medium.",False,False,d4471281379b6b7710b069e1a4d46a9978e9912bc1d216c34ab6f89c1f03894e
cuad_train_0040,contract_0040,train,40,train,context_d394e20942,SouthernStarEnergyInc_20051202_SB-2A_EX-9_801890_EX-9_Affiliate Agreement,unknown,low,medium,2,medium,2,weak_rule_rollup,buyer_risk_rollup,"[""cuad_train_0040:revenue_profit_sharing""]","[""commercial_economics""]","[""cap_on_liability"", ""governing_law"", ""termination_for_convenience""]",At least one distinct issue family contains a Medium finding.,False,False,bcfdbdeb43d354d56b4c401db1f80fdd5da4304ec1dc77c3de14fb9c841350fb
cuad_train_0041,contract_0041,train,41,train,context_35fb5916da,ConformisInc_20191101_10-Q_EX-10.6_11861402_EX-10.6_Development Agreement,unknown,low,low,1,medium,2,weak_rule_rollup,buyer_risk_rollup,"[""cuad_train_0041:cap_on_liability"", ""cuad_train_0041:exclusivity"", ""cuad_train_0041:termination_for_convenience""]","[""commercial_restrictions"", ""liability_allocation"", ""term_and_exit""]","[""cap_on_liability"", ""exclusivity"", ""termination_for_convenience"", ""uncapped_liability""]","No explicit finding exceeds Low severity, but a material issue remains unresolved and raises review priority to Medium.",False,False,e5e4c32e2b01ec4d236572293a310d2cb96743d3e13f652cfe8c2d42df251844
cuad_train_0042,contract_0042,train,42,train,context_a0fe8c8162,Principal Life Insurance Company - Broker Dealer Marketing and Servicing Agreement,distribution,high,high,3,high,3,weak_rule_rollup,buyer_risk_rollup,"[""cuad_train_0042:cap_on_liability""]","[""liability_allocation""]",[],At least one distinct issue family contains a High finding.,False,False,0e45ae3d6208263ebad1e1369c9e214dbd76e2d662800b34a3c63efcc98ca4c6
cuad_train_0043,contract_0043,train,43,train,context_fbfb326a18,LegacyEducationAllianceInc_20200330_10-K_EX-10.18_12090678_EX-10.18_Development Agreement,unknown,low,medium,2,medium,2,weak_rule_rollup,buyer_risk_rollup,"[""cuad_train_0043:exclusivity"", ""cuad_train_0043:revenue_profit_sharing"", ""cuad_train_0043:uncapped_liability""]","[""commercial_economics"", ""commercial_restrictions"", ""liability_allocation""]","[""audit_rights"", ""termination_for_convenience""]",At least one distinct issue family contains a Medium finding.,False,False,b7a8cea1bb15131ce75906b63a977426b7aef9300215424caf5c25bb8c92d337
cuad_train_0044,contract_0044,train,44,validation,context_b070ad2a86,VerizonAbsLlc_20200123_8-K_EX-10.4_11952335_EX-10.4_Service Agreement,services,high,medium,2,medium,2,weak_rule_rollup,buyer_risk_rollup,"[""cuad_train_0044:anti_assignment"", ""cuad_train_0044:termination_for_convenience""]","[""corporate_flexibility"", ""term_and_exit""]","[""audit_rights"", ""cap_on_liability""]",At least one distinct issue family contains a Medium finding.,False,False,6ed1f77b684b1c6ebbd6fd986c7717015b4ee44b302173ab69c329e272560c47
cuad_train_0045,contract_0045,train,45,train,context_8eeeb5ab0a,VERICELCORP_08_06_2019-EX-10.10-SUPPLY AGREEMENT,supply,high,medium,2,medium,2,weak_rule_rollup,buyer_risk_rollup,"[""cuad_train_0045:exclusivity"", ""cuad_train_0045:license_grant""]","[""commercial_restrictions"", ""intellectual_property""]","[""audit_rights"", ""cap_on_liability"", ""termination_for_convenience""]",At least one distinct issue family contains a Medium finding.,False,False,3301e94eda679d32b0a586b4b8d4ab8fb4e26b83dbc102caeee0199da87da802
cuad_train_0046,contract_0046,train,46,train,context_99661a8f18,WPPPLC_04_30_2020-EX-4.28-SERVICE AGREEMENT,services,high,high,3,high,3,weak_rule_rollup,buyer_risk_rollup,"[""cuad_train_0046:cap_on_liability""]","[""liability_allocation""]","[""governing_law""]",At least one distinct issue family contains a High finding.,False,False,7a5fbb1185c660bdcdcbdb340f92b50048a49f708ba3ab1051b40c700c0a00a6
cuad_train_0047,contract_0047,train,47,train,context_fb08f9ca4d,WORLDWIDESTRATEGIESINC_11_02_2005-EX-10-RESELLER AGREEMENT,distribution,high,medium,2,medium,2,weak_rule_rollup,buyer_risk_rollup,"[""cuad_train_0047:cap_on_liability"", ""cuad_train_0047:license_grant"", ""cuad_train_0047:termination_for_convenience""]","[""intellectual_property"", ""liability_allocation"", ""term_and_exit""]","[""cap_on_liability"", ""exclusivity""]",At least one distinct issue family contains a Medium finding.,False,False,70266f75d5c1e1e2d99f5d3c3035c68d20d81b320dca675616267a4ee793f8eb
cuad_train_0048,contract_0048,train,48,train,context_e8689099fe,FEDERATEDGOVERNMENTINCOMESECURITIESINC_04_28_2020-EX-99.SERV AGREE-SERVICES AGREEMENT_SECONDAMENDMENT,services,high,high,3,high,3,weak_rule_rollup,buyer_risk_rollup,"[""cuad_train_0048:cap_on_liability""]","[""liability_allocation""]",[],At least one distinct issue family contains a High finding.,False,False,6947af5e0cc6772b8299809ec4362369562c778568d2e79fce38dae5e398bfcb
cuad_train_0049,contract_0049,train,49,train,context_56270deb88,AzulSa_20170303_F-1A_EX-10.3_9943903_EX-10.3_Maintenance Agreement2,unknown,low,low,1,medium,2,weak_rule_rollup,buyer_risk_rollup,"[""cuad_train_0049:cap_on_liability"", ""cuad_train_0049:license_grant"", ""cuad_train_0049:termination_for_convenience""]","[""intellectual_property"", ""liability_allocation"", ""term_and_exit""]","[""cap_on_liability"", ""license_grant"", ""termination_for_convenience""]","No explicit finding exceeds Low severity, but a material issue remains unresolved and raises review priority to Medium.",False,False,2d98d5344e92fe02c4726bc483ff9f00facbfa8161d3877cd522d8f6ac4ac2a1
cuad_train_0050,contract_0050,train,50,train,context_350870b2f2,PelicanDeliversInc_20200211_S-1_EX-10.3_11975895_EX-10.3_Development Agreement1,unknown,low,medium,2,medium,2,weak_rule_rollup,buyer_risk_rollup,"[""cuad_train_0050:governing_law""]","[""dispute_resolution""]","[""cap_on_liability"", ""license_grant"", ""termination_for_convenience""]",At least one distinct issue family contains a Medium finding.,False,False,21e9032b30a1e12d7f39af1f855c90633884e5d9026b1c2b3e84110fcc4bf017
cuad_train_0051,contract_0051,train,51,train,context_7fa2c649a0,ORBSATCORP_08_17_2007-EX-7.3-STRATEGIC ALLIANCE AGREEMENT,collaboration,high,high,3,high,3,weak_rule_rollup,buyer_risk_rollup,"[""cuad_train_0051:cap_on_liability""]","[""liability_allocation""]","[""revenue_profit_sharing""]",At least one distinct issue family contains a High finding.,False,False,bd707d51c1651939248b235e4a8903ad603134d00ab10d4dd8caf5473c81c6f3
cuad_train_0052,contract_0052,train,52,validation,context_3c0f3935cf,DRAGONSYSTEMSINC_01_08_1999-EX-10.17-OUTSOURCING AGREEMENT,services,high,medium,2,medium,2,weak_rule_rollup,buyer_risk_rollup,"[""cuad_train_0052:cap_on_liability"", ""cuad_train_0052:termination_for_convenience""]","[""liability_allocation"", ""term_and_exit""]","[""governing_law""]",At least one distinct issue family contains a Medium finding.,False,False,8d8020e5c0bcaafac609fe53a2e7edbe2ecbf15541dc846ed25ac63ec822b37e
cuad_train_0053,contract_0053,train,53,train,context_c5f021f5fa,SEPARATEACCOUNTIIOFAGL_05_02_2011-EX-99.(J)(4)-UNCONDITIONAL CAPITAL MAINTENANCE AGREEMENT,unknown,low,medium,2,medium,2,weak_rule_rollup,buyer_risk_rollup,"[""cuad_train_0053:termination_for_convenience""]","[""term_and_exit""]","[""cap_on_liability"", ""license_grant""]",At least one distinct issue family contains a Medium finding.,False,False,c56352505b46b56b03def5a240fa4bd87d76565de9fee00b59136e6be991176b
cuad_train_0054,contract_0054,train,54,train,context_e2b58906eb,ImperialGardenResortInc_20161028_DRS (on F-1)_EX-10.13_9963189_EX-10.13_Outsourcing Agreement,services,high,high,3,high,3,weak_rule_rollup,buyer_risk_rollup,"[""cuad_train_0054:cap_on_liability""]","[""liability_allocation""]","[""governing_law""]",At least one distinct issue family contains a High finding.,False,False,bfb7b9610645dde446570af3952ba1edc88638cf64ac8091acab8698dabc63e1
cuad_train_0055,contract_0055,train,55,train,context_92511d496e,"VIRGINGALACTICHOLDINGS,INC_04_08_2020-EX-99.1-JOINT FILING STATEMENT",unknown,low,medium,2,medium,2,weak_rule_rollup,buyer_risk_rollup,"[""cuad_train_0055:governing_law""]","[""dispute_resolution""]","[""cap_on_liability"", ""license_grant"", ""termination_for_convenience""]",At least one distinct issue family contains a Medium finding.,False,False,defdba221e3fc96502749d17e56febe501914a1e000154dbe11167f1c13d14e5
cuad_train_0056,contract_0056,train,56,train,context_35a91bbef1,FuseMedicalInc_20190321_10-K_EX-10.43_11575454_EX-10.43_Distributor Agreement,distribution,high,high,3,high,3,weak_rule_rollup,buyer_risk_rollup,"[""cuad_train_0056:cap_on_liability""]","[""liability_allocation""]","[""audit_rights"", ""governing_law"", ""renewal_term""]",At least one distinct issue family contains a High finding.,False,False,2e36520ee703d5a5479fb7ce186228db4b29b01e4cdce386830c7705ba412cc4
cuad_train_0057,contract_0057,train,57,train,context_5222dbbe17,ASPIRITYHOLDINGSLLC_05_07_2012-EX-10.6-OUTSOURCING AGREEMENT,services,high,high,3,high,3,weak_rule_rollup,buyer_risk_rollup,"[""cuad_train_0057:cap_on_liability""]","[""liability_allocation""]","[""audit_rights""]",At least one distinct issue family contains a High finding.,False,False,4539ca9a496fc80305dc42d2f9ebcaa8a8e46a4fd406482846b69812c586b764
cuad_train_0058,contract_0058,train,58,train,context_6bc1384a71,"OASYSMOBILE,INC_07_05_2001-EX-10.17-OUTSOURCING AGREEMENT",services,high,medium,2,medium,2,weak_rule_rollup,buyer_risk_rollup,"[""cuad_train_0058:audit_rights"", ""cuad_train_0058:cap_on_liability"", ""cuad_train_0058:termination_for_convenience""]","[""commercial_economics"", ""liability_allocation"", ""term_and_exit""]","[""audit_rights"", ""cap_on_liability"", ""license_grant"", ""revenue_profit_sharing""]",At least one distinct issue family contains a Medium finding.,False,False,7c6e1cf6dd98979a0f32ffca628d15a3b51e560ed675bb7ae051a088c8a89fc7
cuad_train_0059,contract_0059,train,59,train,context_54022be09b,MEDIWOUNDLTD_01_15_2014-EX-10.6-SUPPLY AGREEMENT,supply,high,medium,2,medium,2,weak_rule_rollup,buyer_risk_rollup,"[""cuad_train_0059:audit_rights"", ""cuad_train_0059:exclusivity"", ""cuad_train_0059:termination_for_convenience"", ""cuad_train_0059:uncapped_liability""]","[""commercial_economics"", ""commercial_restrictions"", ""liability_allocation"", ""term_and_exit""]","[""exclusivity"", ""termination_for_convenience""]",At least one distinct issue family contains a Medium finding.,False,False,f4aa702f1099605458b396fcb0faf9a85924bb550e59de31b8b1341a255439f7
cuad_train_0060,contract_0060,train,60,train,context_94816829e5,UpjohnInc_20200121_10-12G_EX-2.6_11948692_EX-2.6_Manufacturing Agreement_ Supply Agreement,supply,high,medium,2,medium,2,weak_rule_rollup,buyer_risk_rollup,"[""cuad_train_0060:audit_rights"", ""cuad_train_0060:exclusivity"", ""cuad_train_0060:termination_for_convenience""]","[""commercial_economics"", ""commercial_restrictions"", ""term_and_exit""]","[""audit_rights"", ""cap_on_liability"", ""renewal_term""]",At least one distinct issue family contains a Medium finding.,False,False,d89ff42b33c8d92c367ed43c67b9213fbc4ac2df1a489a76cc60992e6ee1b9b1
cuad_train_0061,contract_0061,train,61,validation,context_d89772497a,"Antares Pharma, Inc. - Manufacturing Agreement",unknown,low,medium,2,medium,2,weak_rule_rollup,buyer_risk_rollup,"[""cuad_train_0061:exclusivity""]","[""commercial_restrictions""]","[""audit_rights"", ""cap_on_liability"", ""license_grant"", ""termination_for_convenience""]",At least one distinct issue family contains a Medium finding.,False,False,28f64048e5b3ba33f6db9ec7c0423394ba14f001c43d4c5349a6505808452f75
cuad_train_0062,contract_0062,train,62,train,context_9ec290b916,RareElementResourcesLtd_20171019_SC 13D_EX-99.4_10897534_EX-99.4_Intellectual Property Agreement,unknown,low,medium,2,medium,2,weak_rule_rollup,buyer_risk_rollup,"[""cuad_train_0062:anti_assignment"", ""cuad_train_0062:license_grant""]","[""corporate_flexibility"", ""intellectual_property""]","[""cap_on_liability"", ""termination_for_convenience""]",At least one distinct issue family contains a Medium finding.,False,False,c8366d11f3a251c8b0341a4c703e8285cef642b2a11a443870ef3cf6d9fa947b
cuad_train_0063,contract_0063,train,63,validation,context_58343e5786,VARIABLESEPARATEACCOUNT_04_30_2014-EX-13.C-UNCONDITIONAL CAPITAL MAINTENANCE AGREEMENT,unknown,low,low,1,medium,2,weak_rule_rollup,buyer_risk_rollup,"[""cuad_train_0063:cap_on_liability"", ""cuad_train_0063:license_grant"", ""cuad_train_0063:termination_for_convenience""]","[""intellectual_property"", ""liability_allocation"", ""term_and_exit""]","[""cap_on_liability"", ""license_grant"", ""termination_for_convenience""]","No explicit finding exceeds Low severity, but a material issue remains unresolved and raises review priority to Medium.",False,False,4ec6ade43e623807e2d21951b938a1f46b975b881b4fdee404782d678d3ed5b2
cuad_train_0064,contract_0064,train,64,train,context_fd8ea0f419,ABILITYINC_06_15_2020-EX-4.25-SERVICES AGREEMENT,services,high,high,3,high,3,weak_rule_rollup,buyer_risk_rollup,"[""cuad_train_0064:cap_on_liability""]","[""liability_allocation""]",[],At least one distinct issue family contains a High finding.,False,False,e335c24cfd77dd661c0c18aa9277ea3f526ac9540b7d3af96ef0deaa0fd2938a
cuad_train_0065,contract_0065,train,65,train,context_41c5874e86,ELECTRAMECCANICA VEHICLES CORP. - Manufacturing Agreement,unknown,low,medium,2,medium,2,weak_rule_rollup,buyer_risk_rollup,"[""cuad_train_0065:governing_law"", ""cuad_train_0065:renewal_term""]","[""dispute_resolution"", ""term_and_exit""]","[""audit_rights"", ""cap_on_liability"", ""termination_for_convenience""]",At least one distinct issue family contains a Medium finding.,False,False,edaae9dbe93477b73c5bf8edbe2fe2f7775af5198cad21d7c9ed5b971b561f4a
cuad_train_0066,contract_0066,train,66,train,context_425dea8105,GopageCorp_20140221_10-K_EX-10.1_8432966_EX-10.1_Content License Agreement,license,high,medium,2,medium,2,weak_rule_rollup,buyer_risk_rollup,"[""cuad_train_0066:anti_assignment"", ""cuad_train_0066:cap_on_liability"", ""cuad_train_0066:revenue_profit_sharing"", ""cuad_train_0066:termination_for_convenience""]","[""commercial_economics"", ""corporate_flexibility"", ""liability_allocation"", ""term_and_exit""]","[""uncapped_liability""]",At least one distinct issue family contains a Medium finding.,False,False,9915baf3632fcf879008f7240a9f8047f8da3a88d2fd9808a0f492004ac009fa
cuad_train_0067,contract_0067,train,67,train,context_d917c6bbed,BICYCLETHERAPEUTICSPLC_03_10_2020-EX-10.11-SERVICE AGREEMENT,services,high,high,3,high,3,weak_rule_rollup,buyer_risk_rollup,"[""cuad_train_0067:cap_on_liability""]","[""liability_allocation""]","[""termination_for_convenience""]",At least one distinct issue family contains a High finding.,False,False,f8438559b293e8223834f2d6d9d3fd9d7e74c2356132851878b970d840db8d29
cuad_train_0068,contract_0068,train,68,train,context_014a1c0939,TELEGLOBEINTERNATIONALHOLDINGSLTD_03_29_2004-EX-10.10-CONSTRUCTION AND MAINTENANCE AGREEMENT,unknown,low,medium,2,medium,2,weak_rule_rollup,buyer_risk_rollup,"[""cuad_train_0068:audit_rights"", ""cuad_train_0068:governing_law""]","[""commercial_economics"", ""dispute_resolution""]","[""audit_rights"", ""cap_on_liability"", ""license_grant"", ""termination_for_convenience""]",At least one distinct issue family contains a Medium finding.,False,False,b86a8e64c553d03a982cc5f149435f29181e309db400ff250ed850599a01b225
cuad_train_0069,contract_0069,train,69,validation,context_e9690a6574,INTERNATIONALFASTFOODCORP_04_04_1997-EX-99-FRANCHISE AGREEMENT,franchise,high,high,3,high,3,weak_rule_rollup,buyer_risk_rollup,"[""cuad_train_0069:cap_on_liability""]","[""liability_allocation""]","[""audit_rights""]",At least one distinct issue family contains a High finding.,False,False,0ef1b1b1d8a08f46d1c053f1faa1daaf0a1cf5d7c259c344faa2d46a3c80982a
cuad_train_0070,contract_0070,train,70,validation,context_21603df1d2,BIOCEPTINC_08_19_2013-EX-10-COLLABORATION AGREEMENT,collaboration,high,medium,2,medium,2,weak_rule_rollup,buyer_risk_rollup,"[""cuad_train_0070:termination_for_convenience""]","[""term_and_exit""]","[""exclusivity"", ""license_grant"", ""uncapped_liability""]",At least one distinct issue family contains a Medium finding.,False,False,bb2ec4b603749b0897a4f22e273d94bdce7ba9b8bdcaf852a4ccb32b91d9f894
cuad_train_0071,contract_0071,train,71,train,context_469fb51045,PACIFICSYSTEMSCONTROLTECHNOLOGYINC_08_24_2000-EX-10.53-SPONSORSHIP AGREEMENT,marketing,high,medium,2,medium,2,weak_rule_rollup,buyer_risk_rollup,"[""cuad_train_0071:governing_law""]","[""dispute_resolution""]","[""cap_on_liability"", ""license_grant"", ""termination_for_convenience""]",At least one distinct issue family contains a Medium finding.,False,False,5737af7072e7d2a4600667b0ba69e0068ec69632deaf849d7eece7bfb9fedb2c
cuad_train_0072,contract_0072,train,72,train,context_a000c19bcb,NANOPHASETECHNOLOGIESCORP_11_01_2005-EX-99.1-DISTRIBUTOR AGREEMENT,distribution,high,medium,2,medium,2,weak_rule_rollup,buyer_risk_rollup,"[""cuad_train_0072:anti_assignment"", ""cuad_train_0072:cap_on_liability"", ""cuad_train_0072:license_grant""]","[""corporate_flexibility"", ""intellectual_property"", ""liability_allocation""]","[""exclusivity"", ""governing_law"", ""revenue_profit_sharing"", ""termination_for_convenience"", ""uncapped_liability""]",At least one distinct issue family contains a Medium finding.,False,False,15693ac6308963aaf092e3eae9d260fa6be9e455443f20b72697e699354b670b
cuad_train_0073,contract_0073,train,73,train,context_9c6cf50fdf,AzulSa_20170303_F-1A_EX-10.3_9943903_EX-10.3_Maintenance Agreement1,unknown,low,medium,2,medium,2,weak_rule_rollup,buyer_risk_rollup,"[""cuad_train_0073:anti_assignment"", ""cuad_train_0073:audit_rights"", ""cuad_train_0073:exclusivity""]","[""commercial_economics"", ""commercial_restrictions"", ""corporate_flexibility""]","[""audit_rights"", ""cap_on_liability"", ""license_grant"", ""renewal_term"", ""termination_for_convenience""]",At least one distinct issue family contains a Medium finding.,False,False,ae387a12fe0b3198004076f49e1991600b5993c656a4de3866786d3f7ec2a1df
cuad_train_0074,contract_0074,train,74,validation,context_8b1a107eb8,PelicanDeliversInc_20200211_S-1_EX-10.3_11975895_EX-10.3_Development Agreement2,unknown,low,medium,2,medium,2,weak_rule_rollup,buyer_risk_rollup,"[""cuad_train_0074:license_grant""]","[""intellectual_property""]","[""cap_on_liability""]",At least one distinct issue family contains a Medium finding.,False,False,277cb9d06eed8f04cb35b2aed3b4eb280783165422d41cd083a27a884737630d
cuad_train_0075,contract_0075,train,75,train,context_fe1e8c3f33,"NETGEAR,INC_04_21_2003-EX-10.16-AMENDMENT TO THE DISTRIBUTOR AGREEMENT BETWEEN INGRAM MICRO AND NETGEAR",distribution,high,high,3,high,3,weak_rule_rollup,buyer_risk_rollup,"[""cuad_train_0075:cap_on_liability""]","[""liability_allocation""]","[""exclusivity""]",At least one distinct issue family contains a High finding.,False,False,a26d0a46ae672963f96e729745f458b9684cbee0ac2b723045a6fe227cbd1fd7
cuad_train_0076,contract_0076,train,76,train,context_dbc74a524a,NEONSYSTEMSINC_03_01_1999-EX-10.5-DISTRIBUTOR AGREEMENT_Amendment,distribution,high,high,3,high,3,weak_rule_rollup,buyer_risk_rollup,"[""cuad_train_0076:cap_on_liability""]","[""liability_allocation""]","[""exclusivity"", ""governing_law""]",At least one distinct issue family contains a High finding.,False,False,9efa34e33b135d9bdc6e0fa949b22953b5a1675efa39c7222cf7d2ddc2251ebf
cuad_train_0077,contract_0077,train,77,train,context_f5130bbe58,SPARKLINGSPRINGWATERHOLDINGSLTD_07_03_2002-EX-10.13-SOFTWARE LICENSE AND MAINTENANCE AGREEMENT,software_license,high,medium,2,medium,2,weak_rule_rollup,buyer_risk_rollup,"[""cuad_train_0077:governing_law"", ""cuad_train_0077:license_grant"", ""cuad_train_0077:termination_for_convenience""]","[""dispute_resolution"", ""intellectual_property"", ""term_and_exit""]","[""renewal_term""]",At least one distinct issue family contains a Medium finding.,False,False,0c1d630fd900445bbf248da583ad3dd0c5b051a7f96e574c13839efdd7383490
cuad_train_0078,contract_0078,train,78,train,context_4e710929ac,NUVEEN - REMARKETING AGREEMENT,unknown,low,medium,2,medium,2,weak_rule_rollup,buyer_risk_rollup,"[""cuad_train_0078:anti_assignment""]","[""corporate_flexibility""]","[""audit_rights"", ""cap_on_liability"", ""license_grant"", ""termination_for_convenience""]",At least one distinct issue family contains a Medium finding.,False,False,2b041177437ff1bb2bf8d6dfe4fb4cdb65ad2315e2b86555e701515a67fc8b27
cuad_train_0079,contract_0079,train,79,validation,context_fec03f0d9c,SECURIANFUNDSTRUST_05_01_2012-EX-99.28.H.9-NET INVESTMENT INCOME MAINTENANCE AGREEMENT,unknown,low,medium,2,medium,2,weak_rule_rollup,buyer_risk_rollup,"[""cuad_train_0079:governing_law""]","[""dispute_resolution""]","[""cap_on_liability"", ""license_grant"", ""renewal_term"", ""termination_for_convenience""]",At least one distinct issue family contains a Medium finding.,False,False,13fb5e17815c0a1a770eade8af0f4395f095599366c3ee40319cca9e982d21ad
cuad_train_0080,contract_0080,train,80,train,context_a65efe3635,WELLSFARGOMORTGAGEBACKEDSECURITIES2006-6TRUST_05_11_2006-EX-10.3-Yield Maintenance Agreement,unknown,low,low,1,medium,2,weak_rule_rollup,buyer_risk_rollup,"[""cuad_train_0080:cap_on_liability"", ""cuad_train_0080:license_grant"", ""cuad_train_0080:termination_for_convenience""]","[""intellectual_property"", ""liability_allocation"", ""term_and_exit""]","[""cap_on_liability"", ""license_grant"", ""termination_for_convenience""]","No explicit finding exceeds Low severity, but a material issue remains unresolved and raises review priority to Medium.",False,False,1914db4c36292a45df26e406dce19767f783b0da0ab1de40d0bc1cb2ecad8bc7
cuad_train_0081,contract_0081,train,81,validation,context_7f4b0f9ca2,REWALKROBOTICSLTD_07_10_2014-EX-10.2-STRATEGIC ALLIANCE AGREEMENT,collaboration,high,high,3,high,3,weak_rule_rollup,buyer_risk_rollup,"[""cuad_train_0081:cap_on_liability""]","[""liability_allocation""]",[],At least one distinct issue family contains a High finding.,False,False,ab268b758dc8d77ce5d9e6fa71a399b21bc8c32a4b37a8e60d804ea50f5a34c9
cuad_train_0082,contract_0082,train,82,train,context_47f6026e33,PenntexMidstreamPartnersLp_20150416_S-1A_EX-10.4_9042833_EX-10.4_Transportation Agreement,unknown,low,medium,2,medium,2,weak_rule_rollup,buyer_risk_rollup,"[""cuad_train_0082:anti_assignment"", ""cuad_train_0082:exclusivity"", ""cuad_train_0082:uncapped_liability""]","[""commercial_restrictions"", ""corporate_flexibility"", ""liability_allocation""]","[""cap_on_liability"", ""exclusivity"", ""license_grant"", ""renewal_term"", ""termination_for_convenience""]",At least one distinct issue family contains a Medium finding.,False,False,d06674177f876cf4fc26cc68646a264f2462529ab949abdbe96372468fa7a6de
cuad_train_0083,contract_0083,train,83,train,context_ded2fd41c1,FerroglobePlc_20150624_F-4A_EX-10.20_9154746_EX-10.20_Outsourcing Agreement,services,high,medium,2,medium,2,weak_rule_rollup,buyer_risk_rollup,"[""cuad_train_0083:cap_on_liability"", ""cuad_train_0083:governing_law""]","[""dispute_resolution"", ""liability_allocation""]","[""renewal_term"", ""termination_for_convenience""]",At least one distinct issue family contains a Medium finding.,False,False,64d989b896faeaaf5faa295dff3acce9ce13bf3b8a223b39ec2da903240b25da
cuad_train_0084,contract_0084,train,84,train,context_aeb1d8c2b3,TodosMedicalLtd_20190328_20-F_EX-4.10_11587157_EX-4.10_Marketing Agreement_ Reseller Agreement,distribution,high,medium,2,medium,2,weak_rule_rollup,buyer_risk_rollup,"[""cuad_train_0084:anti_assignment"", ""cuad_train_0084:governing_law"", ""cuad_train_0084:termination_for_convenience"", ""cuad_train_0084:uncapped_liability""]","[""corporate_flexibility"", ""dispute_resolution"", ""liability_allocation"", ""term_and_exit""]","[""audit_rights""]",At least one distinct issue family contains a Medium finding.,False,False,3bcd68919d852aef771a652fb959f6774a84cef37a1438c685b8e3cd96b486b9
cuad_train_0085,contract_0085,train,85,train,context_9ae54f69ff,PrecheckHealthServicesInc_20200320_8-K_EX-99.2_12070169_EX-99.2_Distributor Agreement,distribution,high,high,3,high,3,weak_rule_rollup,buyer_risk_rollup,"[""cuad_train_0085:cap_on_liability""]","[""liability_allocation""]",[],At least one distinct issue family contains a High finding.,False,False,beee329d09f6bd58196158ac36e7a86ad2f6a85be51594d77cf766e979c214fc
cuad_train_0086,contract_0086,train,86,train,context_f1c8d7130f,INKTOMICORP_06_08_1998-EX-10.14-SOFTWARE HOSTING AGREEMENT,software_license,high,medium,2,medium,2,weak_rule_rollup,buyer_risk_rollup,"[""cuad_train_0086:license_grant""]","[""intellectual_property""]","[""cap_on_liability"", ""governing_law"", ""termination_for_convenience"", ""uncapped_liability""]",At least one distinct issue family contains a Medium finding.,False,False,820cfe8bb69728583765fbaeb586194a485ebebe5375d5a166812a6938e41d0f
cuad_train_0087,contract_0087,train,87,train,context_4771189944,"OAKTREECAPITALGROUP,LLC_03_02_2020-EX-10.8-Services Agreement",services,high,high,3,high,3,weak_rule_rollup,buyer_risk_rollup,"[""cuad_train_0087:cap_on_liability""]","[""liability_allocation""]","[""audit_rights""]",At least one distinct issue family contains a High finding.,False,False,ea0ea979bf0f07976487d807d70d719c12c2054bd87e8ce6e3d3cade710e253c
cuad_train_0088,contract_0088,train,88,train,context_ef18d84b92,BANGIINC_05_25_2005-EX-10-Premium Managed Hosting Agreement,unknown,low,medium,2,medium,2,weak_rule_rollup,buyer_risk_rollup,"[""cuad_train_0088:governing_law""]","[""dispute_resolution""]","[""cap_on_liability"", ""license_grant"", ""termination_for_convenience""]",At least one distinct issue family contains a Medium finding.,False,False,b4b49f7ad4add8c7688611909be42b428ebaa305d9bb5b3a425313a1d318fd10
cuad_train_0089,contract_0089,train,89,train,context_0a1fa7c3aa,AMERICANPHYSICIANSCAPITALINC_03_31_2003-EX-10.26-AGENCY AGREEMENT,unknown,low,medium,2,medium,2,weak_rule_rollup,buyer_risk_rollup,"[""cuad_train_0089:exclusivity"", ""cuad_train_0089:revenue_profit_sharing""]","[""commercial_economics"", ""commercial_restrictions""]","[""cap_on_liability"", ""license_grant"", ""revenue_profit_sharing"", ""termination_for_convenience""]",At least one distinct issue family contains a Medium finding.,False,False,ed3202c56ebdb4ab0c8d408adcab35f678a063ca30b100329f47aacc2ba94020
cuad_train_0090,contract_0090,train,90,train,context_5900d0a0ff,GULFSOUTHMEDICALSUPPLYINC_12_24_1997-EX-4-AFFILIATE AGREEMENT,unknown,low,low,1,medium,2,weak_rule_rollup,buyer_risk_rollup,"[""cuad_train_0090:cap_on_liability"", ""cuad_train_0090:license_grant"", ""cuad_train_0090:termination_for_convenience""]","[""intellectual_property"", ""liability_allocation"", ""term_and_exit""]","[""cap_on_liability"", ""license_grant"", ""termination_for_convenience""]","No explicit finding exceeds Low severity, but a material issue remains unresolved and raises review priority to Medium.",False,False,215905af08888e2ce4148306ff8e829af51cd17a34c888cbe26037bb59e1580e
cuad_train_0091,contract_0091,train,91,train,context_22b31a94de,"BELLRINGBRANDS,INC_02_07_2020-EX-10.18-MASTER SUPPLY AGREEMENT",supply,high,medium,2,medium,2,weak_rule_rollup,buyer_risk_rollup,"[""cuad_train_0091:renewal_term""]","[""term_and_exit""]","[""audit_rights"", ""cap_on_liability"", ""uncapped_liability""]",At least one distinct issue family contains a Medium finding.,False,False,4db35cae428d32e800d78491fbda9306df3b93ae8bb5c4c48a899e4943eb21d8
cuad_train_0092,contract_0092,train,92,train,context_96e9842ea1,AimmuneTherapeuticsInc_20200205_8-K_EX-10.3_11967170_EX-10.3_Development Agreement,unknown,low,medium,2,medium,2,weak_rule_rollup,buyer_risk_rollup,"[""cuad_train_0092:license_grant"", ""cuad_train_0092:termination_for_convenience"", ""cuad_train_0092:uncapped_liability""]","[""intellectual_property"", ""liability_allocation"", ""term_and_exit""]","[""audit_rights"", ""exclusivity"", ""license_grant"", ""revenue_profit_sharing""]",At least one distinct issue family contains a Medium finding.,False,False,3060a01d1ea3766e43cfc623f3aa3d5563bccac7c2364fffb84cbd7d49dee1ad
cuad_train_0093,contract_0093,train,93,train,context_6ac353bcf5,HEALTHGATEDATACORP_11_24_1999-EX-10.1-HOSTING AND MANAGEMENT AGREEMENT (1),unknown,low,medium,2,medium,2,weak_rule_rollup,buyer_risk_rollup,"[""cuad_train_0093:anti_assignment"", ""cuad_train_0093:audit_rights"", ""cuad_train_0093:license_grant"", ""cuad_train_0093:renewal_term""]","[""commercial_economics"", ""corporate_flexibility"", ""intellectual_property"", ""term_and_exit""]","[""audit_rights"", ""governing_law"", ""revenue_profit_sharing"", ""termination_for_convenience""]",At least one distinct issue family contains a Medium finding.,False,False,8180c54f224250c10362b5d159032157a5d30a1821b0897f392c971a8764925a
cuad_train_0094,contract_0094,train,94,validation,context_e4282da0d5,"INTELLIGENTHIGHWAYSOLUTIONS,INC_01_18_2018-EX-10.1-Strategic Alliance Agreement",collaboration,high,high,3,high,3,weak_rule_rollup,buyer_risk_rollup,"[""cuad_train_0094:cap_on_liability""]","[""liability_allocation""]","[""revenue_profit_sharing""]",At least one distinct issue family contains a High finding.,False,False,b3a2f969a3debf4ba466a2cde59c0f21a744a41f95e4715cec354084dd43164b
cuad_train_0095,contract_0095,train,95,validation,context_60da60c35c,ATMOSENERGYCORP_11_22_2002-EX-10.17-TRANSPORTATION SERVICE AGREEMENT,services,high,high,3,high,3,weak_rule_rollup,buyer_risk_rollup,"[""cuad_train_0095:cap_on_liability""]","[""liability_allocation""]",[],At least one distinct issue family contains a High finding.,False,False,f8634e3d4296d3254e8589ae7ae4b5fc2b887fb56ac1b288cc8125d855c02601
cuad_train_0096,contract_0096,train,96,train,context_3740b3dcc8,PacificapEntertainmentHoldingsInc_20051115_8-KA_EX-1.01_4300894_EX-1.01_Content License Agreement,license,high,high,3,high,3,weak_rule_rollup,buyer_risk_rollup,"[""cuad_train_0096:cap_on_liability""]","[""liability_allocation""]","[""license_grant""]",At least one distinct issue family contains a High finding.,False,False,167674d1478745bdbd7be6c3195f3e0eb3e7d741dfa6ad27c56ab4152f2a9a62
cuad_train_0097,contract_0097,train,97,train,context_50b115534a,ReedsInc_20191113_10-Q_EX-10.4_11888303_EX-10.4_Development Agreement,unknown,low,medium,2,medium,2,weak_rule_rollup,buyer_risk_rollup,"[""cuad_train_0097:anti_assignment"", ""cuad_train_0097:cap_on_liability""]","[""corporate_flexibility"", ""liability_allocation""]","[""license_grant"", ""termination_for_convenience""]",At least one distinct issue family contains a Medium finding.,False,False,85f5180bdbec81e0765720a6c2bd0b83587330775e11e65d625d548e51bcf6c2
cuad_train_0098,contract_0098,train,98,train,context_81109dc9bb,RgcResourcesInc_20151216_8-K_EX-10.3_9372751_EX-10.3_Franchise Agreement,franchise,high,high,3,high,3,weak_rule_rollup,buyer_risk_rollup,"[""cuad_train_0098:cap_on_liability""]","[""liability_allocation""]",[],At least one distinct issue family contains a High finding.,False,False,aa88c412a408f6d57bfabda8476b1eb04f5fab66d0c38beea7d1aba0adb54e00
cuad_train_0099,contract_0099,train,99,train,context_dc3c77a3f2,"BELLICUMPHARMACEUTICALS,INC_05_07_2019-EX-10.1-Supply Agreement",supply,high,medium,2,medium,2,weak_rule_rollup,buyer_risk_rollup,"[""cuad_train_0099:cap_on_liability"", ""cuad_train_0099:renewal_term""]","[""liability_allocation"", ""term_and_exit""]","[""audit_rights"", ""license_grant""]",At least one distinct issue family contains a Medium finding.,False,False,bc45f0f30bd60138b5bc89c935b96f23707000482795a0939524c54517daca38
cuad_train_0100,contract_0100,train,100,train,context_ad47dd8268,MARTINMIDSTREAMPARTNERSLP_01_23_2004-EX-10.3-TRANSPORTATION SERVICES AGREEMENT,services,high,medium,2,medium,2,weak_rule_rollup,buyer_risk_rollup,"[""cuad_train_0100:exclusivity"", ""cuad_train_0100:termination_for_convenience""]","[""commercial_restrictions"", ""term_and_exit""]","[""cap_on_liability""]",At least one distinct issue family contains a Medium finding.,False,False,db9503241d99bb769627041be15e098f5f21b7fc0a14140e015f3bd0ddd007f4
cuad_train_0101,contract_0101,train,101,validation,context_f4af4b1f14,RUBIOSRESTAURANTSINC_03_31_2008-EX-10.75-SPONSORSHIP AGREEMENT,marketing,high,medium,2,medium,2,weak_rule_rollup,buyer_risk_rollup,"[""cuad_train_0101:exclusivity""]","[""commercial_restrictions""]","[""cap_on_liability"", ""termination_for_convenience""]",At least one distinct issue family contains a Medium finding.,False,False,4c1e19a2f5bf0491cfb0bd243d5a355827686935a049ba9cdf8e0d0ccbfb88b4
cuad_train_0102,contract_0102,train,102,train,context_c2ac3c5393,CardlyticsInc_20180112_S-1_EX-10.16_11002987_EX-10.16_Maintenance Agreement2,unknown,low,medium,2,medium,2,weak_rule_rollup,buyer_risk_rollup,"[""cuad_train_0102:governing_law""]","[""dispute_resolution""]","[""cap_on_liability"", ""license_grant"", ""termination_for_convenience""]",At least one distinct issue family contains a Medium finding.,False,False,e6b28bd103980fa0e8d72c358702ac528a94cdd404a6112c32a083b182d2863c
cuad_train_0103,contract_0103,train,103,train,context_754bf0fc08,"XLITECHNOLOGIES,INC_12_11_2015-EX-10.1-Sponsorship Agreement",marketing,high,medium,2,medium,2,weak_rule_rollup,buyer_risk_rollup,"[""cuad_train_0103:governing_law""]","[""dispute_resolution""]","[""cap_on_liability"", ""termination_for_convenience""]",At least one distinct issue family contains a Medium finding.,False,False,8bfbb8ed601688097ffffff9dc9c11bb709e677d2a9fd00ab6f5b5c5daf6f6f5
cuad_train_0104,contract_0104,train,104,train,context_80ac539d4b,ScansourceInc_20190822_10-K_EX-10.38_11793958_EX-10.38_Distributor Agreement2,distribution,high,medium,2,medium,2,weak_rule_rollup,buyer_risk_rollup,"[""cuad_train_0104:cap_on_liability"", ""cuad_train_0104:termination_for_convenience""]","[""liability_allocation"", ""term_and_exit""]",[],At least one distinct issue family contains a Medium finding.,False,False,c08a73bd964c8116ae2b4badae2fb1faa040b362f479830e2edd73294de50399
cuad_train_0105,contract_0105,train,105,train,context_efeda1da60,VERTEXENERGYINC_08_14_2014-EX-10.24-OPERATION AND MAINTENANCE AGREEMENT,unknown,low,medium,2,medium,2,weak_rule_rollup,buyer_risk_rollup,"[""cuad_train_0105:anti_assignment"", ""cuad_train_0105:termination_for_convenience""]","[""corporate_flexibility"", ""term_and_exit""]","[""cap_on_liability"", ""license_grant"", ""termination_for_convenience""]",At least one distinct issue family contains a Medium finding.,False,False,4b2cb71fad30b513054df0fcbe35d333dfb5b0b2267ff0733589427ad5e7327c
cuad_train_0106,contract_0106,train,106,validation,context_f7abaf3ed9,NYLIACVARIABLEANNUITYSEPARATEACCOUNTIII_04_10_2020-EX-99.8.KK-SERVICE AGREEMENT,services,high,high,3,high,3,weak_rule_rollup,buyer_risk_rollup,"[""cuad_train_0106:cap_on_liability""]","[""liability_allocation""]",[],At least one distinct issue family contains a High finding.,False,False,dc38b41d2f80af947fb0a6274f2ea46f05d1f8b5e36db81640b6d0a85d59d810
cuad_train_0107,contract_0107,train,107,train,context_51ff11e38c,AlliedEsportsEntertainmentInc_20190815_8-K_EX-10.34_11788308_EX-10.34_Sponsorship Agreement,marketing,high,medium,2,medium,2,weak_rule_rollup,buyer_risk_rollup,"[""cuad_train_0107:anti_assignment"", ""cuad_train_0107:exclusivity"", ""cuad_train_0107:license_grant""]","[""commercial_restrictions"", ""corporate_flexibility"", ""intellectual_property""]","[""uncapped_liability""]",At least one distinct issue family contains a Medium finding.,False,False,e9a7e542a3a9941c3879ac170c7ade20c2c3bf456c8b5c9a4554d622f199e271
cuad_train_0108,contract_0108,train,108,train,context_2a33aa28c9,SLOVAKWIRELESSFINANCECOBV_03_28_2001-EX-4.(B)(II).3-Maintenance and support contract for SICAP(R) modules,unknown,low,medium,2,medium,2,weak_rule_rollup,buyer_risk_rollup,"[""cuad_train_0108:anti_assignment"", ""cuad_train_0108:governing_law"", ""cuad_train_0108:renewal_term""]","[""corporate_flexibility"", ""dispute_resolution"", ""term_and_exit""]","[""cap_on_liability"", ""license_grant"", ""termination_for_convenience""]",At least one distinct issue family contains a Medium finding.,False,False,a02a8b8ce5b8ecf0e5f8cdb5ed8cbdd475452c087348f1d34fa54f97eec54f5a
cuad_train_0109,contract_0109,train,109,train,context_6b307448bf,ANIXABIOSCIENCESINC_06_09_2020-EX-10.1-COLLABORATION AGREEMENT,collaboration,high,medium,2,medium,2,weak_rule_rollup,buyer_risk_rollup,"[""cuad_train_0109:audit_rights"", ""cuad_train_0109:license_grant"", ""cuad_train_0109:termination_for_convenience""]","[""commercial_economics"", ""intellectual_property"", ""term_and_exit""]","[""audit_rights"", ""cap_on_liability""]",At least one distinct issue family contains a Medium finding.,False,False,b700fd09580297d2160086acfea6d5dd834598018ab652f181d972be510b5549
cuad_train_0110,contract_0110,train,110,train,context_4fe449068d,"ELFBEAUTY,INC_07_02_2020-EX-10.1-COOPERATION AGREEMENT",unknown,low,medium,2,medium,2,weak_rule_rollup,buyer_risk_rollup,"[""cuad_train_0110:anti_assignment""]","[""corporate_flexibility""]","[""cap_on_liability"", ""license_grant"", ""termination_for_convenience""]",At least one distinct issue family contains a Medium finding.,False,False,6eaa995343a4b9d042f8036816f62eae22f7392d6843752f14052d8381cbb059
cuad_train_0111,contract_0111,train,111,train,context_27a649b087,DigitalCinemaDestinationsCorp_20111220_S-1_EX-10.10_7346719_EX-10.10_Affiliate Agreement,unknown,low,medium,2,medium,2,weak_rule_rollup,buyer_risk_rollup,"[""cuad_train_0111:audit_rights"", ""cuad_train_0111:cap_on_liability"", ""cuad_train_0111:exclusivity"", ""cuad_train_0111:license_grant""]","[""commercial_economics"", ""commercial_restrictions"", ""intellectual_property"", ""liability_allocation""]","[""audit_rights"", ""cap_on_liability"", ""termination_for_convenience""]",At least one distinct issue family contains a Medium finding.,False,False,e7af6c31ad15625052cf5a166db30aa312faac61927e34cc9675adf418e61076
cuad_train_0112,contract_0112,train,112,validation,context_5704ec8348,VERTICALNETINC_04_01_2002-EX-10.19-MAINTENANCE AND SUPPORT AGREEMENT,unknown,low,medium,2,medium,2,weak_rule_rollup,buyer_risk_rollup,"[""cuad_train_0112:cap_on_liability"", ""cuad_train_0112:governing_law"", ""cuad_train_0112:license_grant"", ""cuad_train_0112:renewal_term""]","[""dispute_resolution"", ""intellectual_property"", ""liability_allocation"", ""term_and_exit""]","[""cap_on_liability"", ""termination_for_convenience""]",At least one distinct issue family contains a Medium finding.,False,False,07ea8cb475970f1bf20abd998524a9e0c4a5b808b7699fd71050287f4863e97f
cuad_train_0113,contract_0113,train,113,train,context_b4f6f64835,TcPipelinesLp_20160226_10-K_EX-99.12_9454048_EX-99.12_Transportation Agreement,unknown,low,low,1,medium,2,weak_rule_rollup,buyer_risk_rollup,"[""cuad_train_0113:cap_on_liability"", ""cuad_train_0113:license_grant"", ""cuad_train_0113:termination_for_convenience""]","[""intellectual_property"", ""liability_allocation"", ""term_and_exit""]","[""cap_on_liability"", ""license_grant"", ""termination_for_convenience""]","No explicit finding exceeds Low severity, but a material issue remains unresolved and raises review priority to Medium.",False,False,39457f659c35d463dcf94e4be347bc6772ba5627ba3d48f2968d82e39393f865
cuad_train_0114,contract_0114,train,114,train,context_596c791d18,HUBEIMINKANGPHARMACEUTICALLTD_09_19_2006-EX-10.1-OUTSOURCING AGREEMENT,services,high,medium,2,medium,2,weak_rule_rollup,buyer_risk_rollup,"[""cuad_train_0114:cap_on_liability"", ""cuad_train_0114:exclusivity"", ""cuad_train_0114:termination_for_convenience""]","[""commercial_restrictions"", ""liability_allocation"", ""term_and_exit""]","[""audit_rights""]",At least one distinct issue family contains a Medium finding.,False,False,a2b8a190b52643fe2dbfa748acca9ef8d40b455779627306680bd657cb963a98
cuad_train_0115,contract_0115,train,115,train,context_40621cc277,ACCURAYINC_09_01_2010-EX-10.31-DISTRIBUTOR AGREEMENT,distribution,high,medium,2,medium,2,weak_rule_rollup,buyer_risk_rollup,"[""cuad_train_0115:anti_assignment"", ""cuad_train_0115:cap_on_liability"", ""cuad_train_0115:governing_law"", ""cuad_train_0115:termination_for_convenience""]","[""corporate_flexibility"", ""dispute_resolution"", ""liability_allocation"", ""term_and_exit""]",[],At least one distinct issue family contains a Medium finding.,False,False,14932c769a7ac61cb1a4d639aa2bdc3c85a88037f54b478d117d62cbc49e8321
cuad_train_0116,contract_0116,train,116,train,context_7f2b165117,"MIDDLEBROOKPHARMACEUTICALS,INC_03_18_2010-EX-10.1-PROMOTION AGREEMENT",unknown,low,medium,2,medium,2,weak_rule_rollup,buyer_risk_rollup,"[""cuad_train_0116:audit_rights""]","[""commercial_economics""]","[""license_grant"", ""revenue_profit_sharing"", ""termination_for_convenience""]",At least one distinct issue family contains a Medium finding.,False,False,de71e7a6b6c68d204ab3e14d07000b9ed07ab53117d4467baf9609f794afa1e0
cuad_train_0117,contract_0117,train,117,train,context_cef8629498,ArcGroupInc_20171211_8-K_EX-10.1_10976103_EX-10.1_Sponsorship Agreement,marketing,high,medium,2,medium,2,weak_rule_rollup,buyer_risk_rollup,"[""cuad_train_0117:governing_law""]","[""dispute_resolution""]","[""cap_on_liability"", ""termination_for_convenience""]",At least one distinct issue family contains a Medium finding.,False,False,4f6122be05857c75d5ea3bd3be66bcceaab1a968e276330f8d7ee60e694d1fec
cuad_train_0118,contract_0118,train,118,train,context_78ae843c24,AtnInternationalInc_20191108_10-Q_EX-10.1_11878541_EX-10.1_Maintenance Agreement,unknown,low,medium,2,medium,2,weak_rule_rollup,buyer_risk_rollup,"[""cuad_train_0118:anti_assignment"", ""cuad_train_0118:audit_rights"", ""cuad_train_0118:license_grant"", ""cuad_train_0118:uncapped_liability""]","[""commercial_economics"", ""corporate_flexibility"", ""intellectual_property"", ""liability_allocation""]","[""audit_rights"", ""cap_on_liability"", ""termination_for_convenience"", ""uncapped_liability""]",At least one distinct issue family contains a Medium finding.,False,False,783d0e615db36afaba845e7b3a07b06aaf1638c3da041e10a75d6adc525f2c8e
cuad_train_0119,contract_0119,train,119,train,context_3a9365a874,"SightLife Surgical, Inc. - STRATEGIC SALES _ MARKETING AGREEMENT",marketing,high,medium,2,medium,2,weak_rule_rollup,buyer_risk_rollup,"[""cuad_train_0119:anti_assignment"", ""cuad_train_0119:audit_rights"", ""cuad_train_0119:termination_for_convenience""]","[""commercial_economics"", ""corporate_flexibility"", ""term_and_exit""]","[""cap_on_liability"", ""license_grant""]",At least one distinct issue family contains a Medium finding.,False,False,6be62876ca079b06a38c527c35f76bc3b5a59b08bb414555433197d692bc9aa2
cuad_train_0120,contract_0120,train,120,train,context_8762fe07e0,InmodeLtd_20190729_F-1A_EX-10.9_11743243_EX-10.9_Manufacturing Agreement,unknown,low,medium,2,medium,2,weak_rule_rollup,buyer_risk_rollup,"[""cuad_train_0120:governing_law""]","[""dispute_resolution""]","[""audit_rights"", ""cap_on_liability"", ""license_grant""]",At least one distinct issue family contains a Medium finding.,False,False,93e278dfb01b1994b76f58b0c46d679979030e7ed3149e212ecc502b50ac7c10
cuad_train_0121,contract_0121,train,121,validation,context_da09e40d12,FUSIONPHARMACEUTICALSINC_06_05_2020-EX-10.17-Supply Agreement - FUSION,supply,high,medium,2,medium,2,weak_rule_rollup,buyer_risk_rollup,"[""cuad_train_0121:governing_law"", ""cuad_train_0121:uncapped_liability""]","[""dispute_resolution"", ""liability_allocation""]","[""audit_rights"", ""cap_on_liability"", ""renewal_term"", ""termination_for_convenience""]",At least one distinct issue family contains a Medium finding.,False,False,eb41a9d9a47158b95d1354454f8f7ef9405ca779e671e849d5a80f77e4f6ffcd
cuad_train_0122,contract_0122,train,122,train,context_f98d0105fe,URSCORPNEW_03_17_2014-EX-99-COOPERATION AGREEMENT,unknown,low,low,1,medium,2,weak_rule_rollup,buyer_risk_rollup,"[""cuad_train_0122:cap_on_liability"", ""cuad_train_0122:license_grant"", ""cuad_train_0122:termination_for_convenience""]","[""intellectual_property"", ""liability_allocation"", ""term_and_exit""]","[""cap_on_liability"", ""license_grant"", ""termination_for_convenience""]","No explicit finding exceeds Low severity, but a material issue remains unresolved and raises review priority to Medium.",False,False,07848e3706709597a01cdad14d2ad9269a5840e7364fb8ff62dc03ba75d9203f
cuad_train_0123,contract_0123,train,123,validation,context_534feadbfa,GpaqAcquisitionHoldingsInc_20200123_S-4A_EX-10.6_11951677_EX-10.6_License Agreement,license,high,high,3,high,3,weak_rule_rollup,buyer_risk_rollup,"[""cuad_train_0123:cap_on_liability""]","[""liability_allocation""]","[""license_grant""]",At least one distinct issue family contains a High finding.,False,False,800df8b986eb8c9ed75feab8e09dec3371698bfc3ff9697748a9d19f8dcb1ed6
cuad_train_0124,contract_0124,train,124,train,context_b0613f8ea8,SalesforcecomInc_20171122_10-Q_EX-10.1_10961535_EX-10.1_Reseller Agreement,distribution,high,high,3,high,3,weak_rule_rollup,buyer_risk_rollup,"[""cuad_train_0124:cap_on_liability""]","[""liability_allocation""]",[],At least one distinct issue family contains a High finding.,False,False,8157870fe900e2e550ed1bfbdc9050a82727f3dccf5da57243a1b5149a25863d
cuad_train_0125,contract_0125,train,125,train,context_4a19261a56,SLINGERBAGINC_05_27_2020-EX-10.7-CONSULTING AGREEMENT,services,high,high,3,high,3,weak_rule_rollup,buyer_risk_rollup,"[""cuad_train_0125:cap_on_liability""]","[""liability_allocation""]","[""revenue_profit_sharing""]",At least one distinct issue family contains a High finding.,False,False,2ab2f2c768a8cd5dab726a17b764a96b49d227350e3a534ae2a1adff914eb38a
cuad_train_0126,contract_0126,train,126,train,context_0dc3b27409,IGENEBIOTECHNOLOGYINC_05_13_2003-EX-1-JOINT VENTURE AGREEMENT,collaboration,high,high,3,high,3,weak_rule_rollup,buyer_risk_rollup,"[""cuad_train_0126:cap_on_liability""]","[""liability_allocation""]","[""audit_rights""]",At least one distinct issue family contains a High finding.,False,False,3413f2b63169639f157ba60f663245197e24310c269c443267db6af0e4707708
cuad_train_0127,contract_0127,train,127,train,context_fade6e15fa,ENERGYXXILTD_05_08_2015-EX-10.13-Transportation AGREEMENT,unknown,low,medium,2,medium,2,weak_rule_rollup,buyer_risk_rollup,"[""cuad_train_0127:anti_assignment"", ""cuad_train_0127:termination_for_convenience"", ""cuad_train_0127:uncapped_liability""]","[""corporate_flexibility"", ""liability_allocation"", ""term_and_exit""]","[""license_grant"", ""renewal_term""]",At least one distinct issue family contains a Medium finding.,False,False,5b46b0a384a0ae62c1e5d7ae2df35d23d8fdaed5bf34fd243e082948b680147d
cuad_train_0128,contract_0128,train,128,train,context_5f6367e8b1,EtonPharmaceuticalsInc_20191114_10-Q_EX-10.1_11893941_EX-10.1_Development Agreement,unknown,low,medium,2,medium,2,weak_rule_rollup,buyer_risk_rollup,"[""cuad_train_0128:anti_assignment"", ""cuad_train_0128:license_grant"", ""cuad_train_0128:termination_for_convenience""]","[""corporate_flexibility"", ""intellectual_property"", ""term_and_exit""]","[""audit_rights"", ""cap_on_liability""]",At least one distinct issue family contains a Medium finding.,False,False,b6332d4edff49352cf0187da49df2c5b680625b248423d4dae8c7bc603f7a358
cuad_train_0129,contract_0129,train,129,train,context_c5410535bc,ScansourceInc_20190822_10-K_EX-10.38_11793958_EX-10.38_Distributor Agreement1,distribution,high,medium,2,medium,2,weak_rule_rollup,buyer_risk_rollup,"[""cuad_train_0129:anti_assignment"", ""cuad_train_0129:license_grant""]","[""corporate_flexibility"", ""intellectual_property""]","[""audit_rights"", ""cap_on_liability"", ""exclusivity"", ""license_grant"", ""renewal_term"", ""termination_for_convenience"", ""uncapped_liability""]",At least one distinct issue family contains a Medium finding.,False,False,78d91abf7c1efc2a3a2458c5257d3c6e3fd1ec36154a3342bf253b04f5cababc
cuad_train_0130,contract_0130,train,130,validation,context_d3a337ef9c,CardlyticsInc_20180112_S-1_EX-10.16_11002987_EX-10.16_Maintenance Agreement1,unknown,low,medium,2,medium,2,weak_rule_rollup,buyer_risk_rollup,"[""cuad_train_0130:audit_rights"", ""cuad_train_0130:license_grant"", ""cuad_train_0130:termination_for_convenience""]","[""commercial_economics"", ""intellectual_property"", ""term_and_exit""]","[""audit_rights"", ""cap_on_liability"", ""governing_law"", ""license_grant""]",At least one distinct issue family contains a Medium finding.,False,False,34eb96a3a62e11def90f97b12aa6aedc31d5fbdc2532fdf25d8dfa009dcd0369
cuad_train_0131,contract_0131,train,131,train,context_e92a4c138b,"NETGEAR,INC_04_21_2003-EX-10.16-DISTRIBUTOR AGREEMENT",distribution,high,medium,2,medium,2,weak_rule_rollup,buyer_risk_rollup,"[""cuad_train_0131:termination_for_convenience""]","[""term_and_exit""]","[""audit_rights"", ""cap_on_liability"", ""exclusivity"", ""termination_for_convenience"", ""uncapped_liability""]",At least one distinct issue family contains a Medium finding.,False,False,1b4a0744754138176a7a3081a9c89a859248df2013a56f6ef13eeccbc264c9a1
cuad_train_0132,contract_0132,train,132,validation,context_ee0d1db531,EcoScienceSolutionsInc_20171117_8-K_EX-10.1_10956472_EX-10.1_Endorsement Agreement,marketing,high,medium,2,medium,2,weak_rule_rollup,buyer_risk_rollup,"[""cuad_train_0132:anti_assignment"", ""cuad_train_0132:renewal_term""]","[""corporate_flexibility"", ""term_and_exit""]","[""cap_on_liability"", ""governing_law"", ""license_grant"", ""revenue_profit_sharing"", ""termination_for_convenience""]",At least one distinct issue family contains a Medium finding.,False,False,4294c59e488ca8db726621f1a024bfe8213ae06fa6c88226b6bcd20b23cb0ec8
cuad_train_0133,contract_0133,train,133,train,context_e2b3f6a881,AMERICASSHOPPINGMALLINC_12_10_1999-EX-10.2-SITE DEVELOPMENT AND HOSTING AGREEMENT,unknown,low,low,1,medium,2,weak_rule_rollup,buyer_risk_rollup,"[""cuad_train_0133:cap_on_liability"", ""cuad_train_0133:license_grant"", ""cuad_train_0133:termination_for_convenience""]","[""intellectual_property"", ""liability_allocation"", ""term_and_exit""]","[""cap_on_liability"", ""license_grant"", ""termination_for_convenience""]","No explicit finding exceeds Low severity, but a material issue remains unresolved and raises review priority to Medium.",False,False,800a8e3e69cecab83863c1f6ff97587419bd873245d7f98b59e460a747f03228
cuad_train_0134,contract_0134,train,134,train,context_7004c090d1,DataCallTechnologies_20060918_SB-2A_EX-10.9_944510_EX-10.9_Content License Agreement,license,high,high,3,high,3,weak_rule_rollup,buyer_risk_rollup,"[""cuad_train_0134:cap_on_liability""]","[""liability_allocation""]","[""audit_rights"", ""renewal_term"", ""revenue_profit_sharing""]",At least one distinct issue family contains a High finding.,False,False,20f0f1630d8ae7ba221fbbf9d0449a593605989dfa3c779cafdb9c233bb6ebe7
cuad_train_0135,contract_0135,train,135,train,context_87e6eb7fce,JINGWEIINTERNATIONALLTD_10_04_2007-EX-10.7-INTELLECTUAL PROPERTY AGREEMENT,unknown,low,medium,2,medium,2,weak_rule_rollup,buyer_risk_rollup,"[""cuad_train_0135:anti_assignment"", ""cuad_train_0135:governing_law"", ""cuad_train_0135:termination_for_convenience""]","[""corporate_flexibility"", ""dispute_resolution"", ""term_and_exit""]","[""cap_on_liability"", ""license_grant""]",At least one distinct issue family contains a Medium finding.,False,False,b85b28791dd58214b6287d435f8af824f7fdbdb747e76476e10230e3207fc83f
cuad_train_0136,contract_0136,train,136,train,context_630314424d,FEDERATEDGOVERNMENTINCOMESECURITIESINC_04_28_2020-EX-99.SERV AGREE-SERVICES AGREEMENT,services,high,medium,2,medium,2,weak_rule_rollup,buyer_risk_rollup,"[""cuad_train_0136:cap_on_liability"", ""cuad_train_0136:termination_for_convenience""]","[""liability_allocation"", ""term_and_exit""]","[""audit_rights""]",At least one distinct issue family contains a Medium finding.,False,False,2dfbd48812ceef61f37176296cc18ac26865a1fda32fd6f7dd42617d37a81b6d
cuad_train_0137,contract_0137,train,137,train,context_89f2c20c1e,MRSFIELDSORIGINALCOOKIESINC_01_29_1998-EX-10-FRANCHISE AGREEMENT,franchise,high,medium,2,medium,2,weak_rule_rollup,buyer_risk_rollup,"[""cuad_train_0137:audit_rights"", ""cuad_train_0137:cap_on_liability"", ""cuad_train_0137:exclusivity"", ""cuad_train_0137:license_grant"", ""cuad_train_0137:termination_for_convenience""]","[""commercial_economics"", ""commercial_restrictions"", ""intellectual_property"", ""liability_allocation"", ""term_and_exit""]","[""cap_on_liability"", ""exclusivity"", ""renewal_term"", ""revenue_profit_sharing""]",At least one distinct issue family contains a Medium finding.,False,False,8e2adddb58dd5ac9a6ee447d09375f65b6121162f13a8e1fcd3339044aab2868
cuad_train_0138,contract_0138,train,138,validation,context_912645f951,PalmerSquareCapitalBdcInc_20200116_10-12GA_EX-10.6_11949289_EX-10.6_Trademark License Agreement,license,high,high,3,high,3,weak_rule_rollup,buyer_risk_rollup,"[""cuad_train_0138:cap_on_liability""]","[""liability_allocation""]","[""termination_for_convenience""]",At least one distinct issue family contains a High finding.,False,False,354fd2490b9e3243303d90268452953aa2cf4a0145327cba2969c1d11913c9f4
cuad_train_0139,contract_0139,train,139,train,context_bccdcb9e48,LUCIDINC_04_15_2011-EX-10.9-DISTRIBUTOR AGREEMENT,distribution,high,medium,2,medium,2,weak_rule_rollup,buyer_risk_rollup,"[""cuad_train_0139:cap_on_liability"", ""cuad_train_0139:renewal_term""]","[""liability_allocation"", ""term_and_exit""]","[""exclusivity"", ""license_grant""]",At least one distinct issue family contains a Medium finding.,False,False,85676ae23975c26b41b9bc868f278c17addb353cf956628ad3c6c6d6108ce716
cuad_train_0140,contract_0140,train,140,train,context_6576199398,UsioInc_20040428_SB-2_EX-10.11_1723988_EX-10.11_Affiliate Agreement 2,unknown,low,medium,2,medium,2,weak_rule_rollup,buyer_risk_rollup,"[""cuad_train_0140:anti_assignment"", ""cuad_train_0140:exclusivity""]","[""commercial_restrictions"", ""corporate_flexibility""]","[""cap_on_liability"", ""governing_law"", ""license_grant"", ""termination_for_convenience""]",At least one distinct issue family contains a Medium finding.,False,False,42ae613e5bb22f1c5684f8215983db7ce2a1ae603db45a4b0d849f8942f9dc91
cuad_train_0141,contract_0141,train,141,train,context_5259dbf9ca,EmmisCommunicationsCorp_20191125_8-K_EX-10.6_11906433_EX-10.6_Marketing Agreement,marketing,high,medium,2,medium,2,weak_rule_rollup,buyer_risk_rollup,"[""cuad_train_0141:anti_assignment""]","[""corporate_flexibility""]","[""cap_on_liability"", ""license_grant"", ""termination_for_convenience""]",At least one distinct issue family contains a Medium finding.,False,False,d83398bc5b3ef6d63a65d50e62cea845861e8aa5c8fac8b1e8b969f9f6699e7b
cuad_train_0142,contract_0142,train,142,train,context_56a1dcfbcb,ENTERTAINMENTGAMINGASIAINC_02_15_2005-EX-10.5-DISTRIBUTOR AGREEMENT,distribution,high,medium,2,medium,2,weak_rule_rollup,buyer_risk_rollup,"[""cuad_train_0142:anti_assignment"", ""cuad_train_0142:audit_rights"", ""cuad_train_0142:cap_on_liability"", ""cuad_train_0142:exclusivity"", ""cuad_train_0142:governing_law"", ""cuad_train_0142:renewal_term""]","[""commercial_economics"", ""commercial_restrictions"", ""corporate_flexibility"", ""dispute_resolution"", ""liability_allocation"", ""term_and_exit""]","[""license_grant""]",At least one distinct issue family contains a Medium finding.,False,False,5bb5aef1c2e4a4448b2869eee03527c163d6ff432fe3634fcb7b3b5d2b133fd5
cuad_train_0143,contract_0143,train,143,train,context_8fcb9c668f,"Magenta Therapeutics, Inc. - Master Development and Manufacturing Agreement",unknown,low,medium,2,medium,2,weak_rule_rollup,buyer_risk_rollup,"[""cuad_train_0143:audit_rights"", ""cuad_train_0143:license_grant"", ""cuad_train_0143:uncapped_liability""]","[""commercial_economics"", ""intellectual_property"", ""liability_allocation""]","[""audit_rights"", ""license_grant"", ""renewal_term"", ""termination_for_convenience""]",At least one distinct issue family contains a Medium finding.,False,False,eec65fcd95132c215de5d757ae80e7e6e048af2e33343f6e15a9eadbc75627f5
cuad_train_0144,contract_0144,train,144,validation,context_3fdb4e5a48,"GRIDIRONBIONUTRIENTS,INC_02_05_2020-EX-10.3-SUPPLY AGREEMENT",supply,high,high,3,high,3,weak_rule_rollup,buyer_risk_rollup,"[""cuad_train_0144:cap_on_liability""]","[""liability_allocation""]",[],At least one distinct issue family contains a High finding.,False,False,afc2435e7661797197d3fbc891439f9d04dd58801e6203c0f43ac83fbdd8ebad
cuad_train_0145,contract_0145,train,145,train,context_bfac40b149,PapaJohnsInternationalInc_20190617_8-K_EX-10.1_11707365_EX-10.1_Endorsement Agreement,marketing,high,medium,2,medium,2,weak_rule_rollup,buyer_risk_rollup,"[""cuad_train_0145:cap_on_liability"", ""cuad_train_0145:license_grant""]","[""intellectual_property"", ""liability_allocation""]","[""exclusivity"", ""renewal_term"", ""termination_for_convenience""]",At least one distinct issue family contains a Medium finding.,False,False,2fac2af5a9219ca22702929af105a9cb5fbfb2982f3d2a1a73800591a21c72cc
cuad_train_0146,contract_0146,train,146,validation,context_9045a2cad7,SUMMAFOURINC_06_19_1998-EX-10.3-SOFTWARE LICENSE AND MAINTENANCE AGREEMENT,software_license,high,medium,2,medium,2,weak_rule_rollup,buyer_risk_rollup,"[""cuad_train_0146:anti_assignment"", ""cuad_train_0146:audit_rights"", ""cuad_train_0146:license_grant"", ""cuad_train_0146:termination_for_convenience""]","[""commercial_economics"", ""corporate_flexibility"", ""intellectual_property"", ""term_and_exit""]","[""license_grant""]",At least one distinct issue family contains a Medium finding.,False,False,3281881ac4a95c90e9359a9b9533640c0e9bb0e4b0b699021d42ac85fa8c7db7
cuad_train_0147,contract_0147,train,147,train,context_5d0adb2088,MACROGENICSINC_08_02_2013-EX-10-COLLABORATION AGREEMENT,collaboration,high,medium,2,medium,2,weak_rule_rollup,buyer_risk_rollup,"[""cuad_train_0147:governing_law"", ""cuad_train_0147:license_grant"", ""cuad_train_0147:termination_for_convenience"", ""cuad_train_0147:uncapped_liability""]","[""dispute_resolution"", ""intellectual_property"", ""liability_allocation"", ""term_and_exit""]","[""audit_rights""]",At least one distinct issue family contains a Medium finding.,False,False,d13b7e693935407b2be0db9bea61d5aae5779fbc505abef757c27f07fa1bae7e
cuad_train_0148,contract_0148,train,148,validation,context_26ba625df6,GSVINC_05_15_1998-EX-10-SPONSORSHIP AGREEMENT,marketing,high,medium,2,medium,2,weak_rule_rollup,buyer_risk_rollup,"[""cuad_train_0148:revenue_profit_sharing""]","[""commercial_economics""]","[""audit_rights"", ""termination_for_convenience""]",At least one distinct issue family contains a Medium finding.,False,False,cceff2701a7aa0637a74b359d4b1fca764a3e562f37fda200817e3ff6b9199af
cuad_train_0149,contract_0149,train,149,validation,context_d8a69fcc3d,MorganStanleyDirectLendingFund_20191119_10-12GA_EX-10.5_11898508_EX-10.5_Trademark License Agreement,license,high,medium,2,medium,2,weak_rule_rollup,buyer_risk_rollup,"[""cuad_train_0149:anti_assignment"", ""cuad_train_0149:termination_for_convenience"", ""cuad_train_0149:uncapped_liability""]","[""corporate_flexibility"", ""liability_allocation"", ""term_and_exit""]",[],At least one distinct issue family contains a Medium finding.,False,False,2968497b74ed1946495a91d7baa6d62f400ff981f462d6d945f601d8806694ca
cuad_train_0150,contract_0150,train,150,train,context_e514796fc3,ELANDIAINTERNATIONALINC_04_25_2007-EX-10.21-Outsourcing Agreement,services,high,high,3,high,3,weak_rule_rollup,buyer_risk_rollup,"[""cuad_train_0150:cap_on_liability""]","[""liability_allocation""]",[],At least one distinct issue family contains a High finding.,False,False,075b9d019d07ddbbfd78217079091a821af5277697cc22e7c797948ecf9c99c1
cuad_train_0151,contract_0151,train,151,validation,context_17b3ea54b3,PareteumCorp_20081001_8-K_EX-99.1_2654808_EX-99.1_Hosting Agreement,unknown,low,medium,2,medium,2,weak_rule_rollup,buyer_risk_rollup,"[""cuad_train_0151:governing_law"", ""cuad_train_0151:uncapped_liability""]","[""dispute_resolution"", ""liability_allocation""]","[""cap_on_liability"", ""renewal_term"", ""termination_for_convenience""]",At least one distinct issue family contains a Medium finding.,False,False,9c66eef9725257be89d3735e03bde9a00c307f60d1668d177cc88b42c35d4edc
cuad_train_0152,contract_0152,train,152,validation,context_c00141cdaa,PhasebioPharmaceuticalsInc_20200330_10-K_EX-10.21_12086810_EX-10.21_Development Agreement,unknown,low,medium,2,medium,2,weak_rule_rollup,buyer_risk_rollup,"[""cuad_train_0152:anti_assignment"", ""cuad_train_0152:license_grant""]","[""corporate_flexibility"", ""intellectual_property""]","[""audit_rights"", ""cap_on_liability"", ""revenue_profit_sharing"", ""termination_for_convenience""]",At least one distinct issue family contains a Medium finding.,False,False,d21fe55a3227fc7092016602c707544b6d66bbd5686d19402204d1cd92945517
cuad_train_0153,contract_0153,train,153,train,context_7a3bd21a3e,"KUBIENT,INC_07_02_2020-EX-10.14-MASTER SERVICES AGREEMENT_Part2",services,high,high,3,high,3,weak_rule_rollup,buyer_risk_rollup,"[""cuad_train_0153:cap_on_liability""]","[""liability_allocation""]","[""revenue_profit_sharing""]",At least one distinct issue family contains a High finding.,False,False,1145d34d95146782b28cc3959f1cf8a5b57d4745b59589c0ca95afaae636cd42
cuad_train_0154,contract_0154,train,154,train,context_57dfd4ea03,EdietsComInc_20001030_10QSB_EX-10.4_2606646_EX-10.4_Co-Branding Agreement,unknown,low,medium,2,medium,2,weak_rule_rollup,buyer_risk_rollup,"[""cuad_train_0154:cap_on_liability"", ""cuad_train_0154:exclusivity"", ""cuad_train_0154:renewal_term""]","[""commercial_restrictions"", ""liability_allocation"", ""term_and_exit""]","[""exclusivity"", ""termination_for_convenience""]",At least one distinct issue family contains a Medium finding.,False,False,0b2accd5e0a571f03e5a5e8f5760a03372f83f84e97daca4a63686adefed2020
cuad_train_0155,contract_0155,train,155,train,context_d0db7a45a7,LECLANCHÉ S.A. - JOINT DEVELOPMENT AND MARKETING AGREEMENT,marketing,high,medium,2,medium,2,weak_rule_rollup,buyer_risk_rollup,"[""cuad_train_0155:exclusivity""]","[""commercial_restrictions""]","[""cap_on_liability"", ""governing_law"", ""termination_for_convenience""]",At least one distinct issue family contains a Medium finding.,False,False,d284a337922c82e654949305ddcf3bb76bcfa1759a562a36930724cb02671035
cuad_train_0156,contract_0156,train,156,train,context_0a9cbbea11,CardlyticsInc_20180112_S-1_EX-10.16_11002987_EX-10.16_Maintenance Agreement4,unknown,low,medium,2,medium,2,weak_rule_rollup,buyer_risk_rollup,"[""cuad_train_0156:governing_law"", ""cuad_train_0156:renewal_term""]","[""dispute_resolution"", ""term_and_exit""]","[""cap_on_liability"", ""license_grant""]",At least one distinct issue family contains a Medium finding.,False,False,dee1e23d3a909f6f4148d566f7a4ab45b876957083ed1d68004b1991c5d3a58b
cuad_train_0157,contract_0157,train,157,train,context_1fc0419dc2,TomOnlineInc_20060501_20-F_EX-4.46_749700_EX-4.46_Co-Branding Agreement,unknown,low,medium,2,medium,2,weak_rule_rollup,buyer_risk_rollup,"[""cuad_train_0157:cap_on_liability"", ""cuad_train_0157:governing_law"", ""cuad_train_0157:license_grant""]","[""dispute_resolution"", ""intellectual_property"", ""liability_allocation""]","[""cap_on_liability"", ""renewal_term"", ""termination_for_convenience""]",At least one distinct issue family contains a Medium finding.,False,False,1c475f59db3b10b7165246b64eec22328ace5caec1960723e24d94aeaaf7471e
cuad_train_0158,contract_0158,train,158,train,context_508d412006,"CERES,INC_01_25_2012-EX-10.20-Collaboration Agreement",collaboration,high,medium,2,medium,2,weak_rule_rollup,buyer_risk_rollup,"[""cuad_train_0158:license_grant"", ""cuad_train_0158:revenue_profit_sharing"", ""cuad_train_0158:termination_for_convenience""]","[""commercial_economics"", ""intellectual_property"", ""term_and_exit""]","[""audit_rights"", ""exclusivity"", ""license_grant"", ""revenue_profit_sharing""]",At least one distinct issue family contains a Medium finding.,False,False,83b3bd9444f56aeb9d1d4e5191c6f717356bca0b5d8c8da05e910aa49ec0af7b
cuad_train_0159,contract_0159,train,159,train,context_e7f1ed799e,"INTERSECTENT,INC_05_11_2020-EX-10.1-SUPPLY AGREEMENT",supply,high,medium,2,medium,2,weak_rule_rollup,buyer_risk_rollup,"[""cuad_train_0159:cap_on_liability"", ""cuad_train_0159:termination_for_convenience""]","[""liability_allocation"", ""term_and_exit""]","[""audit_rights""]",At least one distinct issue family contains a Medium finding.,False,False,88b810fa9527044401daf4620d710ab0077db4a2e866e55a2d9a45d217521ddf
cuad_train_0160,contract_0160,train,160,train,context_73631f712d,"TRANSPHORM,INC_02_14_2020-EX-10.12(1)-JOINT VENTURE AGREEMENT",collaboration,high,high,3,high,3,weak_rule_rollup,buyer_risk_rollup,"[""cuad_train_0160:cap_on_liability""]","[""liability_allocation""]","[""audit_rights""]",At least one distinct issue family contains a High finding.,False,False,c24b749849b2bd9c4f668df4f855f715f0e1fd00137ec07ea7cc283f14d58025
cuad_train_0161,contract_0161,train,161,train,context_d6776abae7,EuromediaHoldingsCorp_20070215_10SB12G_EX-10.B(01)_525118_EX-10.B(01)_Content License Agreement,license,high,medium,2,medium,2,weak_rule_rollup,buyer_risk_rollup,"[""cuad_train_0161:anti_assignment"", ""cuad_train_0161:governing_law"", ""cuad_train_0161:renewal_term"", ""cuad_train_0161:revenue_profit_sharing"", ""cuad_train_0161:uncapped_liability""]","[""commercial_economics"", ""corporate_flexibility"", ""dispute_resolution"", ""liability_allocation"", ""term_and_exit""]","[""governing_law"", ""license_grant"", ""revenue_profit_sharing""]",At least one distinct issue family contains a Medium finding.,False,False,410d3d3ff1c928befd4d2c5f405cc1215f4687db744c5abf1e98adefd97d7478
cuad_train_0162,contract_0162,train,162,train,context_d37b7940e1,"Sonos, Inc. - Manufacturing Agreement ",unknown,low,medium,2,medium,2,weak_rule_rollup,buyer_risk_rollup,"[""cuad_train_0162:anti_assignment"", ""cuad_train_0162:cap_on_liability"", ""cuad_train_0162:license_grant""]","[""corporate_flexibility"", ""intellectual_property"", ""liability_allocation""]","[""audit_rights"", ""cap_on_liability"", ""license_grant"", ""uncapped_liability""]",At least one distinct issue family contains a Medium finding.,False,False,3d9aff615a747ad43e65e81bd0786d96efcff7bcfde886f5e1363c068bf899c5
cuad_train_0163,contract_0163,train,163,train,context_e5b545b195,"ASHWORTHINC_01_29_1999-EX-10.(D)-PROMOTION AGREEMENT AND NANTZ COMMUNICATIONS, INC.",unknown,low,medium,2,medium,2,weak_rule_rollup,buyer_risk_rollup,"[""cuad_train_0163:anti_assignment""]","[""corporate_flexibility""]","[""cap_on_liability"", ""exclusivity"", ""license_grant"", ""revenue_profit_sharing"", ""termination_for_convenience""]",At least one distinct issue family contains a Medium finding.,False,False,977154e5d3a369d6eba47a390737030f8a6482bdf1a28dff81ca0427baac2ad3
cuad_train_0164,contract_0164,train,164,validation,context_4ab098e1e6,LIGHTBRIDGECORP_11_23_2015-EX-10.26-STRATEGIC ALLIANCE AGREEMENT,collaboration,high,high,3,high,3,weak_rule_rollup,buyer_risk_rollup,"[""cuad_train_0164:cap_on_liability""]","[""liability_allocation""]","[""termination_for_convenience""]",At least one distinct issue family contains a High finding.,False,False,66048676c514d1e73a6b892b6a586971c8f54d5c8041b9fff2e98df3a443bffb
cuad_train_0165,contract_0165,train,165,train,context_74973bdb74,"XLITECHNOLOGIES,INC_12_02_2015-EX-10.02-STRATEGIC ALLIANCE AGREEMENT",collaboration,high,high,3,high,3,weak_rule_rollup,buyer_risk_rollup,"[""cuad_train_0165:cap_on_liability""]","[""liability_allocation""]",[],At least one distinct issue family contains a High finding.,False,False,f472689ea796c2becb882fee8be93608f3c2191bae6efb59e164044ec55dc1ee
cuad_train_0166,contract_0166,train,166,train,context_1bca65e1f5,HYPERIONSOFTWARECORP_09_28_1994-EX-10.47-EXCLUSIVE DISTRIBUTOR AGREEMENT,distribution,high,medium,2,medium,2,weak_rule_rollup,buyer_risk_rollup,"[""cuad_train_0166:audit_rights"", ""cuad_train_0166:cap_on_liability"", ""cuad_train_0166:termination_for_convenience""]","[""commercial_economics"", ""liability_allocation"", ""term_and_exit""]","[""revenue_profit_sharing""]",At least one distinct issue family contains a Medium finding.,False,False,c834764d9aec864afac1c8794a3afdb47fed6d81256548544c47ac63c8ec2cd3
cuad_train_0167,contract_0167,train,167,train,context_f420d6da17,BUFFALOWILDWINGSINC_06_05_1998-EX-10.3-FRANCHISE AGREEMENT,franchise,high,high,3,high,3,weak_rule_rollup,buyer_risk_rollup,"[""cuad_train_0167:cap_on_liability""]","[""liability_allocation""]","[""audit_rights"", ""exclusivity"", ""license_grant""]",At least one distinct issue family contains a High finding.,False,False,b036cf3e6c48510f9123562b2826c82a205db9077d7837d31710265ef20635ea
cuad_train_0168,contract_0168,train,168,validation,context_cb319ace97,ReynoldsConsumerProductsInc_20200121_S-1A_EX-10.22_11948918_EX-10.22_Service Agreement,services,high,medium,2,medium,2,weak_rule_rollup,buyer_risk_rollup,"[""cuad_train_0168:anti_assignment"", ""cuad_train_0168:audit_rights"", ""cuad_train_0168:cap_on_liability"", ""cuad_train_0168:license_grant"", ""cuad_train_0168:termination_for_convenience""]","[""commercial_economics"", ""corporate_flexibility"", ""intellectual_property"", ""liability_allocation"", ""term_and_exit""]","[""audit_rights""]",At least one distinct issue family contains a Medium finding.,False,False,0ddc8b40e5ad7b4f6b1a9d2a921cc7ab2e5d4076a4dcd2575b10b59fc2e6f6d2
cuad_train_0169,contract_0169,train,169,train,context_f1532bc91e,"GWG HOLDINGS, INC. - ORDERLY MARKETING AGREEMENT",marketing,high,medium,2,medium,2,weak_rule_rollup,buyer_risk_rollup,"[""cuad_train_0169:termination_for_convenience""]","[""term_and_exit""]","[""cap_on_liability"", ""license_grant""]",At least one distinct issue family contains a Medium finding.,False,False,7a27e4d9ed75a7ae7d504a8974fb11bd67b3101a029548deae094cffeb7940a9
cuad_train_0170,contract_0170,train,170,train,context_1e22d53259,BLACKROCKMUNIHOLDINGSINVESTMENTQUALITYFUND_04_07_2020-EX-99.01-JOINT FILING AGREEMENT,unknown,low,medium,2,medium,2,weak_rule_rollup,buyer_risk_rollup,"[""cuad_train_0170:governing_law""]","[""dispute_resolution""]","[""cap_on_liability"", ""license_grant"", ""termination_for_convenience""]",At least one distinct issue family contains a Medium finding.,False,False,2246c43edda9bf243aae814c4a25deefae590f6be13e49ca66cd0586af35fb61
cuad_train_0171,contract_0171,train,171,train,context_d5989a2f4c,ALLISONTRANSMISSIONHOLDINGSINC_12_15_2014-EX-99.1-COOPERATION AGREEMENT,unknown,low,low,1,medium,2,weak_rule_rollup,buyer_risk_rollup,"[""cuad_train_0171:cap_on_liability"", ""cuad_train_0171:license_grant"", ""cuad_train_0171:termination_for_convenience""]","[""intellectual_property"", ""liability_allocation"", ""term_and_exit""]","[""cap_on_liability"", ""license_grant"", ""termination_for_convenience""]","No explicit finding exceeds Low severity, but a material issue remains unresolved and raises review priority to Medium.",False,False,cf7ccac86b58129ea6ba73b08f2482e87c61e9c228dd64b05291e3ee3601c104
cuad_train_0172,contract_0172,train,172,validation,context_a328e12507,WARNINGMANAGEMENTSERVICESINC_12_10_1999-EX-10-ENDORSEMENT AGREEMENT,marketing,high,medium,2,medium,2,weak_rule_rollup,buyer_risk_rollup,"[""cuad_train_0172:anti_assignment"", ""cuad_train_0172:audit_rights"", ""cuad_train_0172:cap_on_liability"", ""cuad_train_0172:license_grant""]","[""commercial_economics"", ""corporate_flexibility"", ""intellectual_property"", ""liability_allocation""]","[""exclusivity"", ""termination_for_convenience""]",At least one distinct issue family contains a Medium finding.,False,False,2e450b492547179d245558bc0209d8490ad9f4f152778271f80809784f79995e
cuad_train_0173,contract_0173,train,173,train,context_1e042d9d20,LinkPlusCorp_20050802_8-K_EX-10_3240252_EX-10_Affiliate Agreement,unknown,low,medium,2,medium,2,weak_rule_rollup,buyer_risk_rollup,"[""cuad_train_0173:anti_assignment"", ""cuad_train_0173:termination_for_convenience""]","[""corporate_flexibility"", ""term_and_exit""]","[""audit_rights"", ""cap_on_liability"", ""license_grant""]",At least one distinct issue family contains a Medium finding.,False,False,da75700725405f8d45f3ab218cbbc4127d026cc99099735d24db4f9f8b30a239
cuad_train_0174,contract_0174,train,174,train,context_c3c9e14975,SMITHELECTRICVEHICLESCORP_04_04_2012-EX-10.26-FLEET MAINTENANCE AGREEMENT,unknown,low,medium,2,medium,2,weak_rule_rollup,buyer_risk_rollup,"[""cuad_train_0174:cap_on_liability"", ""cuad_train_0174:governing_law""]","[""dispute_resolution"", ""liability_allocation""]","[""cap_on_liability"", ""license_grant"", ""termination_for_convenience""]",At least one distinct issue family contains a Medium finding.,False,False,292f4fdd8046cbbc420982a39675973dd70c9859ee56e68dbd95eb74c53e0da5
cuad_train_0175,contract_0175,train,175,train,context_f3e04f8447,CHINARECYCLINGENERGYCORP_11_14_2013-EX-10.6-Cooperation Agreement,unknown,low,medium,2,medium,2,weak_rule_rollup,buyer_risk_rollup,"[""cuad_train_0175:governing_law""]","[""dispute_resolution""]","[""cap_on_liability"", ""license_grant"", ""revenue_profit_sharing"", ""termination_for_convenience""]",At least one distinct issue family contains a Medium finding.,False,False,8c0683c882687f9e6ba6241a62fd38f0327ba044d97f6020812b41662255b5ce
cuad_train_0176,contract_0176,train,176,train,context_ce9760aad8,"KUBIENT,INC_07_02_2020-EX-10.14-MASTER SERVICES AGREEMENT_Part1",services,high,medium,2,medium,2,weak_rule_rollup,buyer_risk_rollup,"[""cuad_train_0176:renewal_term"", ""cuad_train_0176:uncapped_liability""]","[""liability_allocation"", ""term_and_exit""]","[""cap_on_liability"", ""revenue_profit_sharing""]",At least one distinct issue family contains a Medium finding.,False,False,6fedeb5bf615d4fb66911bb8e92299535ee320b2f913aa3acd8dabf6c90df986
cuad_train_0177,contract_0177,train,177,train,context_1c6cc94c35,NeoformaInc_19991202_S-1A_EX-10.26_5224521_EX-10.26_Co-Branding Agreement,unknown,low,medium,2,medium,2,weak_rule_rollup,buyer_risk_rollup,"[""cuad_train_0177:audit_rights"", ""cuad_train_0177:license_grant"", ""cuad_train_0177:renewal_term"", ""cuad_train_0177:uncapped_liability""]","[""commercial_economics"", ""intellectual_property"", ""liability_allocation"", ""term_and_exit""]","[""audit_rights"", ""cap_on_liability"", ""exclusivity"", ""revenue_profit_sharing"", ""termination_for_convenience"", ""uncapped_liability""]",At least one distinct issue family contains a Medium finding.,False,False,8a156f69e9ca6966c0f1d48c9a972d711b6cb7583b6c9c26c3fc7fe1e27bcf0a
cuad_train_0178,contract_0178,train,178,train,context_2c2e172645,AULAMERICANUNITTRUST_04_24_2020-EX-99.8.77-SERVICING AGREEMENT,unknown,low,medium,2,medium,2,weak_rule_rollup,buyer_risk_rollup,"[""cuad_train_0178:termination_for_convenience""]","[""term_and_exit""]","[""audit_rights"", ""cap_on_liability"", ""license_grant""]",At least one distinct issue family contains a Medium finding.,False,False,ae207bb16f35b516ee3de6523291a3b5b62cc5733a048839cd8d909278aae022
cuad_train_0179,contract_0179,train,179,train,context_6766578084,VIOLINMEMORYINC_12_12_2012-EX-10.14-SPONSORSHIP AGREEMENT,marketing,high,medium,2,medium,2,weak_rule_rollup,buyer_risk_rollup,"[""cuad_train_0179:anti_assignment"", ""cuad_train_0179:exclusivity""]","[""commercial_restrictions"", ""corporate_flexibility""]","[""cap_on_liability"", ""termination_for_convenience""]",At least one distinct issue family contains a Medium finding.,False,False,58b3868a7d14cb5c3eac5ae11359c4781204a5cdef9d293db096d3776de60b33
cuad_train_0180,contract_0180,train,180,validation,context_9b4e7a4c0c,RaeSystemsInc_20001114_10-Q_EX-10.57_2631790_EX-10.57_Co-Branding Agreement,unknown,low,medium,2,medium,2,weak_rule_rollup,buyer_risk_rollup,"[""cuad_train_0180:anti_assignment"", ""cuad_train_0180:termination_for_convenience""]","[""corporate_flexibility"", ""term_and_exit""]","[""uncapped_liability""]",At least one distinct issue family contains a Medium finding.,False,False,a98e1239e03d1dfb34c31eb10d553e43c43b85a8f17434561de1b05a73654cde
cuad_train_0181,contract_0181,train,181,train,context_bc39d34c77,QBIOMEDINC_04_08_2020-EX-99.1-JOINT FILING AGREEMENT,unknown,low,medium,2,medium,2,weak_rule_rollup,buyer_risk_rollup,"[""cuad_train_0181:governing_law""]","[""dispute_resolution""]","[""cap_on_liability"", ""license_grant"", ""termination_for_convenience""]",At least one distinct issue family contains a Medium finding.,False,False,dd57e29b914eaf534f0f05b48b98394d61cd8925cde25a5cf9b72f43e2c40e95
cuad_train_0182,contract_0182,train,182,train,context_f93d06282a,ZogenixInc_20190509_10-Q_EX-10.2_11663313_EX-10.2_Distributor Agreement,distribution,high,medium,2,medium,2,weak_rule_rollup,buyer_risk_rollup,"[""cuad_train_0182:exclusivity"", ""cuad_train_0182:license_grant""]","[""commercial_restrictions"", ""intellectual_property""]","[""audit_rights"", ""cap_on_liability"", ""license_grant"", ""revenue_profit_sharing"", ""termination_for_convenience"", ""uncapped_liability""]",At least one distinct issue family contains a Medium finding.,False,False,441ffefff8b1ea9ae55dd3e3898c0c2983589431f693fcbbbeebbffa1d90df18
cuad_train_0183,contract_0183,train,183,train,context_4e4d146b48,LeadersonlineInc_20000427_S-1A_EX-10.8_4991089_EX-10.8_Co-Branding Agreement,unknown,low,medium,2,medium,2,weak_rule_rollup,buyer_risk_rollup,"[""cuad_train_0183:renewal_term"", ""cuad_train_0183:revenue_profit_sharing"", ""cuad_train_0183:uncapped_liability""]","[""commercial_economics"", ""liability_allocation"", ""term_and_exit""]","[""audit_rights"", ""cap_on_liability"", ""revenue_profit_sharing"", ""termination_for_convenience"", ""uncapped_liability""]",At least one distinct issue family contains a Medium finding.,False,False,50c60164bc1c459c80937614afbcd908538a7e304a283a0da553e4b5c5dfd57c
cuad_train_0184,contract_0184,train,184,validation,context_ca566e80d0,ArcaUsTreasuryFund_20200207_N-2_EX-99.K5_11971930_EX-99.K5_Development Agreement,unknown,low,low,1,medium,2,weak_rule_rollup,buyer_risk_rollup,"[""cuad_train_0184:cap_on_liability"", ""cuad_train_0184:license_grant"", ""cuad_train_0184:termination_for_convenience""]","[""intellectual_property"", ""liability_allocation"", ""term_and_exit""]","[""cap_on_liability"", ""license_grant"", ""termination_for_convenience""]","No explicit finding exceeds Low severity, but a material issue remains unresolved and raises review priority to Medium.",False,False,0e421b7daa96857cf42de41b7671949d8c99a5eb90f9fc5b79a9d0a16a8cd2bd
cuad_train_0185,contract_0185,train,185,train,context_f07dd56bd2,BIOAMBERINC_04_10_2013-EX-10.34-DEVELOPMENT AGREEMENT - First Amendment,unknown,low,medium,2,medium,2,weak_rule_rollup,buyer_risk_rollup,"[""cuad_train_0185:governing_law""]","[""dispute_resolution""]","[""cap_on_liability"", ""license_grant"", ""termination_for_convenience""]",At least one distinct issue family contains a Medium finding.,False,False,59549da8c312d822619526f527abcd108a142d5270a28b0223d69491bbde125e
cuad_train_0186,contract_0186,train,186,train,context_62f3d18797,"XACCT Technologies, Inc.SUPPORT AND MAINTENANCE AGREEMENT",unknown,low,medium,2,medium,2,weak_rule_rollup,buyer_risk_rollup,"[""cuad_train_0186:cap_on_liability"", ""cuad_train_0186:renewal_term""]","[""liability_allocation"", ""term_and_exit""]","[""license_grant"", ""termination_for_convenience""]",At least one distinct issue family contains a Medium finding.,False,False,caf3ed803f22678ad41977cc950225b240d52506d14ad45a3e619f50a4f3fb5b
cuad_train_0187,contract_0187,train,187,train,context_af0d754090,CHANGEPOINTCORP_03_08_2000-EX-10.6-LICENSE AND HOSTING AGREEMENT,license,high,medium,2,medium,2,weak_rule_rollup,buyer_risk_rollup,"[""cuad_train_0187:anti_assignment"", ""cuad_train_0187:cap_on_liability"", ""cuad_train_0187:license_grant"", ""cuad_train_0187:revenue_profit_sharing"", ""cuad_train_0187:termination_for_convenience""]","[""commercial_economics"", ""corporate_flexibility"", ""intellectual_property"", ""liability_allocation"", ""term_and_exit""]","[""audit_rights"", ""cap_on_liability"", ""license_grant"", ""revenue_profit_sharing""]",At least one distinct issue family contains a Medium finding.,False,False,4362013dcc33e52ba5180650d945aa4e69b4ec9ca1e2ce39447a34a15889db7d
cuad_train_0188,contract_0188,train,188,train,context_7dec54e850,Apollo Endosurgery - Manufacturing and Supply Agreement,supply,high,medium,2,medium,2,weak_rule_rollup,buyer_risk_rollup,"[""cuad_train_0188:termination_for_convenience""]","[""term_and_exit""]",[],At least one distinct issue family contains a Medium finding.,False,False,f408b4d3754ed2f99c86c5092900df88286666c044bf66430c073c9c10a9d734
cuad_train_0189,contract_0189,train,189,train,context_a94121f5cf,"MJBIOTECH,INC_12_06_2018-EX-99.01-JOINT VENTURE AGREEMENT",collaboration,high,medium,2,medium,2,weak_rule_rollup,buyer_risk_rollup,"[""cuad_train_0189:audit_rights""]","[""commercial_economics""]","[""audit_rights"", ""cap_on_liability"", ""termination_for_convenience""]",At least one distinct issue family contains a Medium finding.,False,False,23564e9f05b57203116fee3307e1c2f8c167b1ea4275d3f68668dffe7c19c89e
cuad_train_0190,contract_0190,train,190,validation,context_b4276d6d41,IDREAMSKYTECHNOLOGYLTD_07_03_2014-EX-10.39-Cooperation Agreement on Mobile Game Business,unknown,low,medium,2,medium,2,weak_rule_rollup,buyer_risk_rollup,"[""cuad_train_0190:governing_law""]","[""dispute_resolution""]","[""cap_on_liability"", ""license_grant"", ""renewal_term"", ""termination_for_convenience""]",At least one distinct issue family contains a Medium finding.,False,False,53a7275c87ec37beef87fc5843892940fd6feaad0c8ee79773ce8530328019ba
cuad_train_0191,contract_0191,train,191,train,context_46429b774e,"CANOPETROLEUM,INC_12_13_2007-EX-10.1-Sponsorship Agreement",marketing,high,medium,2,medium,2,weak_rule_rollup,buyer_risk_rollup,"[""cuad_train_0191:anti_assignment""]","[""corporate_flexibility""]","[""cap_on_liability"", ""license_grant"", ""termination_for_convenience""]",At least one distinct issue family contains a Medium finding.,False,False,60239701cac9b0eae2de8ba7bded280c3ebb716d853d28f6a96c8d26a0d9c100
cuad_train_0192,contract_0192,train,192,train,context_2a6f1aa605,"HOSPITALITYINVESTORSTRUST,INC_04_07_2014-EX-10.26-FRANCHISE AGREEMENT",franchise,high,medium,2,medium,2,weak_rule_rollup,buyer_risk_rollup,"[""cuad_train_0192:audit_rights"", ""cuad_train_0192:termination_for_convenience""]","[""commercial_economics"", ""term_and_exit""]","[""audit_rights"", ""cap_on_liability"", ""exclusivity""]",At least one distinct issue family contains a Medium finding.,False,False,f5694a4ed68e476c2e15b37054373b6a5098bd8309df1aa780a486868342c4e1
cuad_train_0193,contract_0193,train,193,train,context_6657cecbab,FulucaiProductionsLtd_20131223_10-Q_EX-10.9_8368347_EX-10.9_Content License Agreement,license,high,high,3,high,3,weak_rule_rollup,buyer_risk_rollup,"[""cuad_train_0193:cap_on_liability""]","[""liability_allocation""]","[""license_grant"", ""renewal_term""]",At least one distinct issue family contains a High finding.,False,False,2783deeed0800c842204f1ee17c7728f71e4518df0ae0f4e52043a1598a82548
cuad_train_0194,contract_0194,train,194,validation,context_dc2ffc67cd,MPLXLP_06_17_2015-EX-10.1-TRANSPORTATION SERVICES AGREEMENT,services,high,medium,2,medium,2,weak_rule_rollup,buyer_risk_rollup,"[""cuad_train_0194:anti_assignment"", ""cuad_train_0194:uncapped_liability""]","[""corporate_flexibility"", ""liability_allocation""]","[""termination_for_convenience""]",At least one distinct issue family contains a Medium finding.,False,False,32b7190fa5a4ac20ef10f18328b16f85d8df5bcc88384ce6fabec16cf6071b8f
cuad_train_0195,contract_0195,train,195,validation,context_bf80a0186c,LOGANSROADHOUSEINC_03_27_1998-EX-10.17-SPONSORSHIP AGREEMENT,marketing,high,medium,2,medium,2,weak_rule_rollup,buyer_risk_rollup,"[""cuad_train_0195:exclusivity""]","[""commercial_restrictions""]","[""cap_on_liability"", ""exclusivity"", ""license_grant"", ""termination_for_convenience""]",At least one distinct issue family contains a Medium finding.,False,False,d9ace291105b69d4d5a1bceef8e461e48b261cb61483547d827ee3eda5857b9c
cuad_train_0196,contract_0196,train,196,train,context_5b9271efd3,FuelcellEnergyInc_20191106_8-K_EX-10.1_11868007_EX-10.1_Development Agreement,unknown,low,medium,2,medium,2,weak_rule_rollup,buyer_risk_rollup,"[""cuad_train_0196:cap_on_liability"", ""cuad_train_0196:license_grant""]","[""intellectual_property"", ""liability_allocation""]","[""license_grant""]",At least one distinct issue family contains a Medium finding.,False,False,c809f579e6b5b0da201af7300efc64f0afd7b0757e060bab1b625f80a8e29ee5
cuad_train_0197,contract_0197,train,197,validation,context_a4d058df49,"THERAVANCEBIOPHARMA,INC_05_08_2020-EX-10.2-SERVICE AGREEMENT",services,high,high,3,high,3,weak_rule_rollup,buyer_risk_rollup,"[""cuad_train_0197:cap_on_liability""]","[""liability_allocation""]",[],At least one distinct issue family contains a High finding.,False,False,7c2390dde1298f7b6d6640069fd955d5dc762d409802e66e88bee173d8fc6843
cuad_train_0198,contract_0198,train,198,validation,context_d67c5dff57,DYNAMEXINC_06_06_1996-EX-10.4-TRANSPORTATION SERVICES AGREEMENT,services,high,medium,2,medium,2,weak_rule_rollup,buyer_risk_rollup,"[""cuad_train_0198:cap_on_liability"", ""cuad_train_0198:governing_law""]","[""dispute_resolution"", ""liability_allocation""]","[""audit_rights"", ""exclusivity""]",At least one distinct issue family contains a Medium finding.,False,False,b78b65221c6ae786e6c1274ca932d7a5ffef078da4d94d0b6617db6028764e96
cuad_train_0199,contract_0199,train,199,validation,context_2f9e011289,ULTRAGENYXPHARMACEUTICALINC_12_23_2013-EX-10.9-SUPPLY AGREEMENT,supply,high,medium,2,medium,2,weak_rule_rollup,buyer_risk_rollup,"[""cuad_train_0199:renewal_term""]","[""term_and_exit""]","[""exclusivity"", ""governing_law""]",At least one distinct issue family contains a Medium finding.,False,False,17ac5985ac36701f55353d870e6c8ad5686b6e105a82c5b49a033adc70b2d541
cuad_train_0200,contract_0200,train,200,train,context_7cbad2d028,"NETGEAR,INC_04_21_2003-EX-10.16- AMENDMENT #2 TO THE DISTRIBUTION AGREEMENT",distribution,high,high,3,high,3,weak_rule_rollup,buyer_risk_rollup,"[""cuad_train_0200:cap_on_liability""]","[""liability_allocation""]",[],At least one distinct issue family contains a High finding.,False,False,40b9a08eaf9a9a4cb8062d44af4289e0cb7732b2fe464b083505594978f1b776
cuad_train_0201,contract_0201,train,201,train,context_7e646f0494,SFGFINANCIALCORP_05_12_2009-EX-10.1-SOFTWARE LICENSE AND MAINTENANCE AGREEMENT,software_license,high,medium,2,medium,2,weak_rule_rollup,buyer_risk_rollup,"[""cuad_train_0201:anti_assignment"", ""cuad_train_0201:audit_rights"", ""cuad_train_0201:cap_on_liability"", ""cuad_train_0201:termination_for_convenience""]","[""commercial_economics"", ""corporate_flexibility"", ""liability_allocation"", ""term_and_exit""]","[""audit_rights"", ""cap_on_liability"", ""renewal_term"", ""revenue_profit_sharing""]",At least one distinct issue family contains a Medium finding.,False,False,cf4e22020c47726a3aeb241d838ae0bc8bc171283f1f881357fd5c5b5767e411
cuad_train_0202,contract_0202,train,202,train,context_ecf9b5aacc,"VAXCYTE,INC_05_22_2020-EX-10.19-SUPPLY AGREEMENT",supply,high,medium,2,medium,2,weak_rule_rollup,buyer_risk_rollup,"[""cuad_train_0202:audit_rights""]","[""commercial_economics""]","[""audit_rights"", ""cap_on_liability"", ""termination_for_convenience"", ""uncapped_liability""]",At least one distinct issue family contains a Medium finding.,False,False,5aa9d49ff424aa455a94f3d3c9503bc79a3f8bbbbc088cc82a39f76a3ff557b9
cuad_train_0203,contract_0203,train,203,train,context_9528c18422,"OTISWORLDWIDECORP_04_03_2020-EX-10.4-INTELLECTUAL PROPERTY AGREEMENT by and among UNITED TECHNOLOGIES CORPORATION, OTIS WORLDWIDE CORPORATION and CARRIER ~1",unknown,low,medium,2,medium,2,weak_rule_rollup,buyer_risk_rollup,"[""cuad_train_0203:anti_assignment"", ""cuad_train_0203:cap_on_liability"", ""cuad_train_0203:license_grant""]","[""corporate_flexibility"", ""intellectual_property"", ""liability_allocation""]","[""cap_on_liability"", ""termination_for_convenience""]",At least one distinct issue family contains a Medium finding.,False,False,a41c3ff9264b236412e2b9b5cdd0a4d74bfb8b81d4f123b32b6bf391c4b1c325
cuad_train_0204,contract_0204,train,204,train,context_73452e8fbe,"GIGGLESN_HUGS,INC_06_23_2016-EX-10.2-STRATEGIC ALLIANCE AGREEMENT",collaboration,high,high,3,high,3,weak_rule_rollup,buyer_risk_rollup,"[""cuad_train_0204:cap_on_liability""]","[""liability_allocation""]",[],At least one distinct issue family contains a High finding.,False,False,94cea0982fce32c52953f4497ffb252d9882ba336aa490e765d91d9b9a66f795
cuad_train_0205,contract_0205,train,205,validation,context_ab1e7c0167,ExactSciencesCorp_20180822_8-K_EX-10.1_11331629_EX-10.1_Promotion Agreement,unknown,low,medium,2,medium,2,weak_rule_rollup,buyer_risk_rollup,"[""cuad_train_0205:anti_assignment"", ""cuad_train_0205:revenue_profit_sharing"", ""cuad_train_0205:uncapped_liability""]","[""commercial_economics"", ""corporate_flexibility"", ""liability_allocation""]","[""audit_rights"", ""exclusivity"", ""revenue_profit_sharing""]",At least one distinct issue family contains a Medium finding.,False,False,72864ef530e0840221bd4c81efbaba15b8fbab46f3cea437f1c9f679517fcb88
cuad_train_0206,contract_0206,train,206,train,context_d7f8fe40d5,GlobalTechnologiesGroupInc_20050928_10KSB_EX-10.9_4148808_EX-10.9_Content License Agreement,license,high,medium,2,medium,2,weak_rule_rollup,buyer_risk_rollup,"[""cuad_train_0206:audit_rights"", ""cuad_train_0206:cap_on_liability"", ""cuad_train_0206:termination_for_convenience""]","[""commercial_economics"", ""liability_allocation"", ""term_and_exit""]","[""license_grant"", ""renewal_term""]",At least one distinct issue family contains a Medium finding.,False,False,9209a2b3aa2863eeb83f5547c29cccf763970a3d33598a722b9e16549b4a26c9
cuad_train_0207,contract_0207,train,207,train,context_96e31846ba,HertzGroupRealtyTrustInc_20190920_S-11A_EX-10.8_11816941_EX-10.8_Trademark License Agreement,license,high,medium,2,medium,2,weak_rule_rollup,buyer_risk_rollup,"[""cuad_train_0207:anti_assignment"", ""cuad_train_0207:cap_on_liability""]","[""corporate_flexibility"", ""liability_allocation""]",[],At least one distinct issue family contains a Medium finding.,False,False,b1ebe053b8526d6eabc3fadfe15c05e9d427757d1ef56a0ace915ba07513f4fe
cuad_train_0208,contract_0208,train,208,train,context_4f287dbe22,QuantumGroupIncFl_20090120_8-K_EX-99.2_3672910_EX-99.2_Hosting Agreement,unknown,low,medium,2,medium,2,weak_rule_rollup,buyer_risk_rollup,"[""cuad_train_0208:license_grant"", ""cuad_train_0208:termination_for_convenience"", ""cuad_train_0208:uncapped_liability""]","[""intellectual_property"", ""liability_allocation"", ""term_and_exit""]","[""cap_on_liability"", ""license_grant""]",At least one distinct issue family contains a Medium finding.,False,False,6154f6312169e0a13c48463a0b15c9e407ceb4f15bd18de38ebf1ac2f3fcddf8
cuad_train_0209,contract_0209,train,209,train,context_cd31d62697,"PHREESIA,INC_05_28_2019-EX-10.18-STRATEGIC ALLIANCE AGREEMENT",collaboration,high,low,1,medium,2,weak_rule_rollup,buyer_risk_rollup,"[""cuad_train_0209:audit_rights"", ""cuad_train_0209:cap_on_liability"", ""cuad_train_0209:license_grant"", ""cuad_train_0209:renewal_term""]","[""commercial_economics"", ""intellectual_property"", ""liability_allocation"", ""term_and_exit""]","[""audit_rights"", ""cap_on_liability"", ""license_grant"", ""renewal_term"", ""termination_for_convenience"", ""uncapped_liability""]","No explicit finding exceeds Low severity, but a material issue remains unresolved and raises review priority to Medium.",False,False,cdfb3869104f6d5ef5250203a5e085f58446e73916ed2aad9a504ac253e8c888
cuad_train_0210,contract_0210,train,210,train,context_40f8aaf4c9,"Array BioPharma Inc. - LICENSE, DEVELOPMENT AND COMMERCIALIZATION AGREEMENT",license,high,medium,2,medium,2,weak_rule_rollup,buyer_risk_rollup,"[""cuad_train_0210:audit_rights"", ""cuad_train_0210:license_grant""]","[""commercial_economics"", ""intellectual_property""]","[""audit_rights"", ""exclusivity"", ""license_grant"", ""termination_for_convenience""]",At least one distinct issue family contains a Medium finding.,False,False,94706869d0da15fd791d8c9104959513c48271a91977b4701291184d1606c969
cuad_train_0211,contract_0211,train,211,validation,context_d56246d387,MERCATAINC_03_09_2000-EX-10.21-SPONSORSHIP AGREEMENT,marketing,high,medium,2,medium,2,weak_rule_rollup,buyer_risk_rollup,"[""cuad_train_0211:anti_assignment""]","[""corporate_flexibility""]","[""license_grant"", ""termination_for_convenience""]",At least one distinct issue family contains a Medium finding.,False,False,4ae1ba0a1c389730203ca5e003e6d86b5b163f6465be4c01adcd6a3ab654652c
cuad_train_0212,contract_0212,train,212,train,context_8ff28f4c77,"MEDALISTDIVERSIFIEDREIT,INC_05_18_2020-EX-10.1-CONSULTING AGREEMENT",services,high,high,3,high,3,weak_rule_rollup,buyer_risk_rollup,"[""cuad_train_0212:cap_on_liability""]","[""liability_allocation""]","[""revenue_profit_sharing""]",At least one distinct issue family contains a High finding.,False,False,00d4100595b6258d4a0639b9640eb7054b500d84c0485dea9024a9bc76a8bdff
cuad_train_0213,contract_0213,train,213,train,context_92d2943c8a,"FOUNDATIONMEDICINE,INC_02_02_2015-EX-10.2-Collaboration Agreement",collaboration,high,medium,2,medium,2,weak_rule_rollup,buyer_risk_rollup,"[""cuad_train_0213:cap_on_liability"", ""cuad_train_0213:exclusivity"", ""cuad_train_0213:license_grant"", ""cuad_train_0213:termination_for_convenience""]","[""commercial_restrictions"", ""intellectual_property"", ""liability_allocation"", ""term_and_exit""]","[""audit_rights"", ""exclusivity"", ""renewal_term""]",At least one distinct issue family contains a Medium finding.,False,False,75ee54e34508350f537d8c765a2567c3ab99bbd7533fac6880739d5b850f53ce
cuad_train_0214,contract_0214,train,214,train,context_bb5f4cf54c,RevolutionMedicinesInc_20200117_S-1_EX-10.1_11948417_EX-10.1_Development Agreement,unknown,low,medium,2,medium,2,weak_rule_rollup,buyer_risk_rollup,"[""cuad_train_0214:anti_assignment"", ""cuad_train_0214:license_grant"", ""cuad_train_0214:uncapped_liability""]","[""corporate_flexibility"", ""intellectual_property"", ""liability_allocation""]","[""audit_rights"", ""exclusivity"", ""license_grant"", ""revenue_profit_sharing"", ""termination_for_convenience""]",At least one distinct issue family contains a Medium finding.,False,False,614d80aa5d416949088c7dcad51aab867ed0af1e3ac906ac0060ef7256bcb37a
cuad_train_0215,contract_0215,train,215,validation,context_06abafd8de,"ETELOS,INC_03_09_2004-EX-10.8-DISTRIBUTOR AGREEMENT",distribution,high,medium,2,medium,2,weak_rule_rollup,buyer_risk_rollup,"[""cuad_train_0215:audit_rights"", ""cuad_train_0215:cap_on_liability"", ""cuad_train_0215:renewal_term""]","[""commercial_economics"", ""liability_allocation"", ""term_and_exit""]",[],At least one distinct issue family contains a Medium finding.,False,False,13bd978df9eb39e44ef2588ef84ad2f27b4199fba0d946c69bc6295822cf0090
cuad_train_0216,contract_0216,train,216,train,context_0d6d24263d,LifewayFoodsInc_20160316_10-K_EX-10.24_9489766_EX-10.24_Endorsement Agreement,marketing,high,medium,2,medium,2,weak_rule_rollup,buyer_risk_rollup,"[""cuad_train_0216:license_grant"", ""cuad_train_0216:revenue_profit_sharing""]","[""commercial_economics"", ""intellectual_property""]","[""cap_on_liability"", ""termination_for_convenience""]",At least one distinct issue family contains a Medium finding.,False,False,7e7661f3d61df42a24e9ebd55ee2e95a11a084fa5dee11e00153a297e710f4ed
cuad_train_0217,contract_0217,train,217,train,context_eb82bb7cde,"LEGACYTECHNOLOGYHOLDINGS,INC_12_09_2005-EX-10.2-DISTRIBUTOR AGREEMENT",distribution,high,high,3,high,3,weak_rule_rollup,buyer_risk_rollup,"[""cuad_train_0217:cap_on_liability""]","[""liability_allocation""]",[],At least one distinct issue family contains a High finding.,False,False,b4322d0d017a7c697dee87ca9b3d5aa963c4b5ca6f8b136c583fcc87e5f0e5c4
cuad_train_0218,contract_0218,train,218,train,context_cce8f9d6d2,DeltathreeInc_19991102_S-1A_EX-10.19_6227850_EX-10.19_Co-Branding Agreement_ Service Agreement,services,high,medium,2,medium,2,weak_rule_rollup,buyer_risk_rollup,"[""cuad_train_0218:anti_assignment"", ""cuad_train_0218:cap_on_liability"", ""cuad_train_0218:termination_for_convenience""]","[""corporate_flexibility"", ""liability_allocation"", ""term_and_exit""]",[],At least one distinct issue family contains a Medium finding.,False,False,97fe5dcb9450133b80e5c0409a35449a6fe2a3273dab27e53c4684fb9e219547
cuad_train_0219,contract_0219,train,219,train,context_c6b5ea62ac,"SPRINGBANKPHARMACEUTICALS,INC_04_08_2020-EX-99.A-JOINT FILING AGREEMENT",unknown,low,medium,2,medium,2,weak_rule_rollup,buyer_risk_rollup,"[""cuad_train_0219:governing_law""]","[""dispute_resolution""]","[""cap_on_liability"", ""license_grant"", ""termination_for_convenience""]",At least one distinct issue family contains a Medium finding.,False,False,99da18c33f9b73b3b30407a08d66a98898eb5d969cc865cbbbd6b1786753d66d
cuad_train_0220,contract_0220,train,220,train,context_d4ac2f409c,ImineCorp_20180725_S-1_EX-10.5_11275970_EX-10.5_Distributor Agreement,distribution,high,medium,2,medium,2,weak_rule_rollup,buyer_risk_rollup,"[""cuad_train_0220:anti_assignment"", ""cuad_train_0220:cap_on_liability"", ""cuad_train_0220:termination_for_convenience""]","[""corporate_flexibility"", ""liability_allocation"", ""term_and_exit""]","[""cap_on_liability"", ""license_grant""]",At least one distinct issue family contains a Medium finding.,False,False,defee8695f6aab9389fab7e5787a43b583db560688d8dcc698859c12903c4c6c
cuad_train_0221,contract_0221,train,221,train,context_f3b7679534,CCAINDUSTRIESINC_04_14_2014-EX-10.1-OUTSOURCING AGREEMENT,services,high,high,3,high,3,weak_rule_rollup,buyer_risk_rollup,"[""cuad_train_0221:cap_on_liability""]","[""liability_allocation""]","[""revenue_profit_sharing""]",At least one distinct issue family contains a High finding.,False,False,9620281e798e7635c9b6a3397ca210d00c9f57ca344ae62dc9af356163cddef4
cuad_train_0222,contract_0222,train,222,train,context_0723fe679b,Microgenics Corporation - Collaborative Development and Commercialization Agreement,unknown,low,medium,2,medium,2,weak_rule_rollup,buyer_risk_rollup,"[""cuad_train_0222:audit_rights"", ""cuad_train_0222:license_grant"", ""cuad_train_0222:termination_for_convenience""]","[""commercial_economics"", ""intellectual_property"", ""term_and_exit""]","[""audit_rights"", ""exclusivity"", ""license_grant"", ""revenue_profit_sharing"", ""uncapped_liability""]",At least one distinct issue family contains a Medium finding.,False,False,75afb072cf4dbafd060c40ac37f1e6acaeaeeb606469bc4e5268c6096d16dd6c
cuad_train_0223,contract_0223,train,223,train,context_def573ab45,VgrabCommunicationsInc_20200129_10-K_EX-10.33_11958828_EX-10.33_Development Agreement,unknown,low,medium,2,medium,2,weak_rule_rollup,buyer_risk_rollup,"[""cuad_train_0223:governing_law""]","[""dispute_resolution""]","[""cap_on_liability"", ""license_grant"", ""termination_for_convenience""]",At least one distinct issue family contains a Medium finding.,False,False,7dce71c812ecc7cf1d1b1f366eae70cbd1bebf1c3b3ce3023541cd50577325b2
cuad_train_0224,contract_0224,train,224,validation,context_6cc75cf59f,AIRTECHINTERNATIONALGROUPINC_05_08_2000-EX-10.4-FRANCHISE AGREEMENT,franchise,high,high,3,high,3,weak_rule_rollup,buyer_risk_rollup,"[""cuad_train_0224:cap_on_liability""]","[""liability_allocation""]","[""audit_rights""]",At least one distinct issue family contains a High finding.,False,False,c9a4d1006bce3890bb04151d0bf1f791b43012e7322ac550813e855461ba3da8
cuad_train_0225,contract_0225,train,225,validation,context_6e255ea7ea,IMMUNOMEDICSINC_08_07_2019-EX-10.1-PROMOTION AGREEMENT,unknown,low,medium,2,medium,2,weak_rule_rollup,buyer_risk_rollup,"[""cuad_train_0225:anti_assignment""]","[""corporate_flexibility""]","[""audit_rights"", ""revenue_profit_sharing"", ""termination_for_convenience"", ""uncapped_liability""]",At least one distinct issue family contains a Medium finding.,False,False,30103a32a0d66dc0d5d908fd2b2fefdc8216f037c2298a87a4e9cddc69372aa6
cuad_train_0226,contract_0226,train,226,train,context_38eb8727df,BravatekSolutionsInc_20170418_8-K_EX-10.1_10205739_EX-10.1_Reseller Agreement,distribution,high,medium,2,medium,2,weak_rule_rollup,buyer_risk_rollup,"[""cuad_train_0226:audit_rights"", ""cuad_train_0226:cap_on_liability"", ""cuad_train_0226:license_grant""]","[""commercial_economics"", ""intellectual_property"", ""liability_allocation""]","[""renewal_term""]",At least one distinct issue family contains a Medium finding.,False,False,53c391863c306a2343f40af3d387d0e1559bf5bf534a0bab4401cc8608c65815
cuad_train_0227,contract_0227,train,227,train,context_8b1c8eab36,SPORTHALEYINC_09_29_1997-EX-10.2-10-ENDORSEMENT AGREEMENT,marketing,high,medium,2,medium,2,weak_rule_rollup,buyer_risk_rollup,"[""cuad_train_0227:anti_assignment"", ""cuad_train_0227:license_grant""]","[""corporate_flexibility"", ""intellectual_property""]","[""cap_on_liability"", ""termination_for_convenience""]",At least one distinct issue family contains a Medium finding.,False,False,27265699e9aba675462068dbd984315b19d01aa113780fe27aee1c27912da4e0
cuad_train_0228,contract_0228,train,228,train,context_4fea3adf54,XENCORINC_10_25_2013-EX-10.24-COLLABORATION AGREEMENT (3),collaboration,high,medium,2,medium,2,weak_rule_rollup,buyer_risk_rollup,"[""cuad_train_0228:license_grant"", ""cuad_train_0228:termination_for_convenience"", ""cuad_train_0228:uncapped_liability""]","[""intellectual_property"", ""liability_allocation"", ""term_and_exit""]","[""cap_on_liability"", ""license_grant""]",At least one distinct issue family contains a Medium finding.,False,False,afa8a94a1c6252861882320a9d28516ea5b4b8a4e0215e9b2213f442a2528540
cuad_train_0229,contract_0229,train,229,train,context_c55fd30c73,NETGROCERINC_07_31_1998-EX-10.15-SPONSORSHIP AGREEMENT,marketing,high,low,1,medium,2,weak_rule_rollup,buyer_risk_rollup,"[""cuad_train_0229:termination_for_convenience"", ""cuad_train_0229:uncapped_liability""]","[""liability_allocation"", ""term_and_exit""]","[""termination_for_convenience"", ""uncapped_liability""]","No explicit finding exceeds Low severity, but a material issue remains unresolved and raises review priority to Medium.",False,False,170cad070a0fd13cd135d041f84c6846ec15134808d380f6a65f2a54d4d6e668
cuad_train_0230,contract_0230,train,230,train,context_c8025baa31,CoherusBiosciencesInc_20200227_10-K_EX-10.29_12021376_EX-10.29_Development Agreement,unknown,low,medium,2,medium,2,weak_rule_rollup,buyer_risk_rollup,"[""cuad_train_0230:license_grant"", ""cuad_train_0230:renewal_term"", ""cuad_train_0230:revenue_profit_sharing"", ""cuad_train_0230:uncapped_liability""]","[""commercial_economics"", ""intellectual_property"", ""liability_allocation"", ""term_and_exit""]","[""governing_law"", ""license_grant"", ""revenue_profit_sharing""]",At least one distinct issue family contains a Medium finding.,False,False,e6370745e927c1182c7c7425a6a984ad0d0ebc3439bc33d99cfc91c30bd381db
cuad_train_0231,contract_0231,train,231,train,context_b49f6941b7,DIVERSINETCORP_03_01_2012-EX-4-RESELLER AGREEMENT,distribution,high,medium,2,medium,2,weak_rule_rollup,buyer_risk_rollup,"[""cuad_train_0231:anti_assignment"", ""cuad_train_0231:audit_rights"", ""cuad_train_0231:cap_on_liability"", ""cuad_train_0231:governing_law"", ""cuad_train_0231:license_grant""]","[""commercial_economics"", ""corporate_flexibility"", ""dispute_resolution"", ""intellectual_property"", ""liability_allocation""]","[""cap_on_liability"", ""termination_for_convenience""]",At least one distinct issue family contains a Medium finding.,False,False,9c9e0d0d527428ea1b596e604397e2ad78a3e2cab07bb32e3015600c594b4163
cuad_train_0232,contract_0232,train,232,train,context_284e8e2e08,NmfSlfIInc_20200115_10-12GA_EX-10.5_11946987_EX-10.5_Trademark License Agreement,license,high,high,3,high,3,weak_rule_rollup,buyer_risk_rollup,"[""cuad_train_0232:cap_on_liability""]","[""liability_allocation""]","[""termination_for_convenience""]",At least one distinct issue family contains a High finding.,False,False,4faa34333f1d42ec92b45de88a07eedba7e345d62bb1a2abe0a374662256b27f
cuad_train_0233,contract_0233,train,233,validation,context_89cd7b116e,KALLOINC_11_03_2011-EX-10.1-STRATEGIC ALLIANCE AGREEMENT,collaboration,high,medium,2,medium,2,weak_rule_rollup,buyer_risk_rollup,"[""cuad_train_0233:cap_on_liability"", ""cuad_train_0233:governing_law"", ""cuad_train_0233:termination_for_convenience""]","[""dispute_resolution"", ""liability_allocation"", ""term_and_exit""]",[],At least one distinct issue family contains a Medium finding.,False,False,549487e11028ab2c2786ebb8cc812a775d01448dc316616c78344dd0b624042a
cuad_train_0234,contract_0234,train,234,train,context_c100b178b2,MOSSIMOINC_04_14_2000-EX-10.14-ENDORSEMENT AGREEMENT,marketing,high,medium,2,medium,2,weak_rule_rollup,buyer_risk_rollup,"[""cuad_train_0234:anti_assignment"", ""cuad_train_0234:cap_on_liability""]","[""corporate_flexibility"", ""liability_allocation""]","[""exclusivity"", ""termination_for_convenience""]",At least one distinct issue family contains a Medium finding.,False,False,6f93ddd1129f5199aa0e9218293090178ab7d061fbf69dbac36855291ee479f9
cuad_train_0235,contract_0235,train,235,train,context_c8ec3edf94,FEDERATEDGOVERNMENTINCOMESECURITIESINC_04_28_2020-EX-99.SERV AGREE-SERVICES AGREEMENT_AMENDMENT,services,high,high,3,high,3,weak_rule_rollup,buyer_risk_rollup,"[""cuad_train_0235:cap_on_liability""]","[""liability_allocation""]",[],At least one distinct issue family contains a High finding.,False,False,87cd114c450d1ae9b93fe66dc277a9d5bdc04b6885e5e90b86de20193a1cbd3f
cuad_train_0236,contract_0236,train,236,train,context_a8ff48c076,RandWorldwideInc_20010402_8-KA_EX-10.2_2102464_EX-10.2_Co-Branding Agreement,unknown,low,medium,2,medium,2,weak_rule_rollup,buyer_risk_rollup,"[""cuad_train_0236:renewal_term"", ""cuad_train_0236:uncapped_liability""]","[""liability_allocation"", ""term_and_exit""]","[""revenue_profit_sharing"", ""termination_for_convenience""]",At least one distinct issue family contains a Medium finding.,False,False,d74ebaf7b1969b0cf8eb44f7a0384e3083e9d99b08f38c593fc6fe626c1cc7c4
cuad_train_0237,contract_0237,train,237,validation,context_98473cecd2,GOLDRESOURCECORP_12_11_2008-EX-10.1-STRATEGIC ALLIANCE AGREEMENT,collaboration,high,high,3,high,3,weak_rule_rollup,buyer_risk_rollup,"[""cuad_train_0237:cap_on_liability""]","[""liability_allocation""]","[""audit_rights""]",At least one distinct issue family contains a High finding.,False,False,ffb9302f4c40faf86181d040267edb30c7266aa0f381f3efa6a4c95d9e351a9f
cuad_train_0238,contract_0238,train,238,train,context_f6797a66eb,"Loop Industries, Inc. - Marketing Agreement",marketing,high,low,1,medium,2,weak_rule_rollup,buyer_risk_rollup,"[""cuad_train_0238:license_grant"", ""cuad_train_0238:termination_for_convenience"", ""cuad_train_0238:uncapped_liability""]","[""intellectual_property"", ""liability_allocation"", ""term_and_exit""]","[""license_grant"", ""termination_for_convenience"", ""uncapped_liability""]","No explicit finding exceeds Low severity, but a material issue remains unresolved and raises review priority to Medium.",False,False,7552830f738a0edf4b66c8720df08084aaaa4e8cdf54afd27c7d8009cf0a5b5d
cuad_train_0239,contract_0239,train,239,train,context_0f72910abd,BloomEnergyCorp_20180321_DRSA (on S-1)_EX-10_11240356_EX-10_Maintenance Agreement,unknown,low,medium,2,medium,2,weak_rule_rollup,buyer_risk_rollup,"[""cuad_train_0239:cap_on_liability""]","[""liability_allocation""]","[""audit_rights"", ""cap_on_liability"", ""termination_for_convenience""]",At least one distinct issue family contains a Medium finding.,False,False,6ad983e154cb3198bb27429e51143944450401a50360c43a9ba381701c129664
cuad_train_0240,contract_0240,train,240,train,context_abc4df4f16,AudibleInc_20001113_10-Q_EX-10.32_2599586_EX-10.32_Co-Branding Agreement_ Marketing Agreement_ Investment Distribution Agreement,distribution,high,medium,2,medium,2,weak_rule_rollup,buyer_risk_rollup,"[""cuad_train_0240:exclusivity"", ""cuad_train_0240:termination_for_convenience"", ""cuad_train_0240:uncapped_liability""]","[""commercial_restrictions"", ""liability_allocation"", ""term_and_exit""]","[""cap_on_liability"", ""exclusivity"", ""revenue_profit_sharing"", ""uncapped_liability""]",At least one distinct issue family contains a Medium finding.,False,False,5cb5b5a5e08db4d12897c2277e8ea9986c3eb83a789b02511339950772905d2a
cuad_train_0241,contract_0241,train,241,train,context_0fef144d32,HOLIDAYRVSUPERSTORESINC_04_15_2002-EX-10.13-ENDORSEMENT AGREEMENT,marketing,high,medium,2,medium,2,weak_rule_rollup,buyer_risk_rollup,"[""cuad_train_0241:termination_for_convenience""]","[""term_and_exit""]","[""cap_on_liability"", ""governing_law""]",At least one distinct issue family contains a Medium finding.,False,False,b70b1cfadd3e44ef43c5e6c08f908430c18e88b720f9967acde3299f7e71ea42
cuad_train_0242,contract_0242,train,242,train,context_5469dcdb8c,NeuroboPharmaceuticalsInc_20190903_S-4_EX-10.36_11802165_EX-10.36_Manufacturing Agreement_ Supply Agreement,supply,high,high,3,high,3,weak_rule_rollup,buyer_risk_rollup,"[""cuad_train_0242:cap_on_liability""]","[""liability_allocation""]","[""audit_rights""]",At least one distinct issue family contains a High finding.,False,False,986a8d1167d9d73ce482eea02fbdb0527857d100a74da4ad627d860c723dfd38
cuad_train_0243,contract_0243,train,243,train,context_85ada0df92,SONUSCORP_03_12_1997-EX-10.11-SPONSORSHIP AGREEMENT,marketing,high,medium,2,medium,2,weak_rule_rollup,buyer_risk_rollup,"[""cuad_train_0243:anti_assignment"", ""cuad_train_0243:governing_law""]","[""corporate_flexibility"", ""dispute_resolution""]","[""cap_on_liability"", ""license_grant"", ""termination_for_convenience""]",At least one distinct issue family contains a Medium finding.,False,False,faa9e354038e87c4e00f17d587da7c2c7d915e7fd6911e9506c6620686ff8221
cuad_train_0244,contract_0244,train,244,train,context_a00d30ddd5,RangeResourcesLouisianaInc_20150417_8-K_EX-10.5_9045501_EX-10.5_Transportation Agreement,unknown,low,medium,2,medium,2,weak_rule_rollup,buyer_risk_rollup,"[""cuad_train_0244:anti_assignment"", ""cuad_train_0244:audit_rights""]","[""commercial_economics"", ""corporate_flexibility""]","[""license_grant"", ""renewal_term"", ""termination_for_convenience"", ""uncapped_liability""]",At least one distinct issue family contains a Medium finding.,False,False,7fc48e1f66eb87cca6ac67e84e7286fd95f39b7b9f3d70169fa527291595eb1d
cuad_train_0245,contract_0245,train,245,train,context_99f46b7054,CHAPARRALRESOURCESINC_03_30_2000-EX-10.66-TRANSPORTATION CONTRACT,unknown,low,low,1,medium,2,weak_rule_rollup,buyer_risk_rollup,"[""cuad_train_0245:cap_on_liability"", ""cuad_train_0245:governing_law"", ""cuad_train_0245:license_grant"", ""cuad_train_0245:revenue_profit_sharing"", ""cuad_train_0245:termination_for_convenience""]","[""commercial_economics"", ""dispute_resolution"", ""intellectual_property"", ""liability_allocation"", ""term_and_exit""]","[""cap_on_liability"", ""governing_law"", ""license_grant"", ""revenue_profit_sharing"", ""termination_for_convenience""]","No explicit finding exceeds Low severity, but a material issue remains unresolved and raises review priority to Medium.",False,False,0e03737ee6eafee156bb168e59f3134ba959e8e5f38ef4b5548a62798caf3174
cuad_train_0246,contract_0246,train,246,train,context_e130d7fe9c,AURASYSTEMSINC_06_16_2010-EX-10.25-STRATEGIC ALLIANCE AGREEMENT,collaboration,high,medium,2,medium,2,weak_rule_rollup,buyer_risk_rollup,"[""cuad_train_0246:cap_on_liability""]","[""liability_allocation""]","[""audit_rights"", ""exclusivity"", ""termination_for_convenience""]",At least one distinct issue family contains a Medium finding.,False,False,cd9c428d08826e612d978e6bdad41df2463e5d84f45edb1bfc012e2580be0118
cuad_train_0247,contract_0247,train,247,validation,context_fc65d11667,IpassInc_20181203_8-K_EX-99.1_11445874_EX-99.1_Reseller Agreement,distribution,high,medium,2,medium,2,weak_rule_rollup,buyer_risk_rollup,"[""cuad_train_0247:anti_assignment"", ""cuad_train_0247:cap_on_liability"", ""cuad_train_0247:exclusivity"", ""cuad_train_0247:termination_for_convenience""]","[""commercial_restrictions"", ""corporate_flexibility"", ""liability_allocation"", ""term_and_exit""]",[],At least one distinct issue family contains a Medium finding.,False,False,2489555c05b1ec60186a8e703b4c92f243afc1ee2d093328d3f3f60b6a741052
cuad_train_0248,contract_0248,train,248,validation,context_90066ec73c,VERSOTECHNOLOGIESINC_12_28_2007-EX-99.3-INTELLECTUAL PROPERTY AGREEMENT,unknown,low,low,1,medium,2,weak_rule_rollup,buyer_risk_rollup,"[""cuad_train_0248:cap_on_liability"", ""cuad_train_0248:license_grant"", ""cuad_train_0248:termination_for_convenience""]","[""intellectual_property"", ""liability_allocation"", ""term_and_exit""]","[""cap_on_liability"", ""license_grant"", ""termination_for_convenience""]","No explicit finding exceeds Low severity, but a material issue remains unresolved and raises review priority to Medium.",False,False,6e8bb4c94c61b71c7b1583aabc6bfce2214f398a43577e48bac526a46a9b5f1f
cuad_train_0249,contract_0249,train,249,train,context_3a0c27bdc0,EhaveInc_20190515_20-F_EX-4.44_11678816_EX-4.44_License Agreement_ Reseller Agreement,license,high,medium,2,medium,2,weak_rule_rollup,buyer_risk_rollup,"[""cuad_train_0249:license_grant""]","[""intellectual_property""]","[""audit_rights"", ""exclusivity"", ""governing_law"", ""termination_for_convenience""]",At least one distinct issue family contains a Medium finding.,False,False,b7cbb5434c960e8501eee365924168a233ee7775b86fa34b5ecf6a826b196bb7
cuad_train_0250,contract_0250,train,250,train,context_a5ec106835,"UNITEDNATIONALBANCORP_03_03_1999-EX-99-Outsourcing Agreement with the BISYS Group, Inc.",services,high,high,3,high,3,weak_rule_rollup,buyer_risk_rollup,"[""cuad_train_0250:cap_on_liability""]","[""liability_allocation""]",[],At least one distinct issue family contains a High finding.,False,False,0305b596ec2a00ae0d327bb977c0cdfee663f215dc5d7975997c8bd2e8c76923
cuad_train_0251,contract_0251,train,251,train,context_06b999fb19,VirtuosoSurgicalInc_20191227_1-A_EX1A-6 MAT CTRCT_11933379_EX1A-6 MAT CTRCT_License Agreement,license,high,medium,2,medium,2,weak_rule_rollup,buyer_risk_rollup,"[""cuad_train_0251:audit_rights"", ""cuad_train_0251:termination_for_convenience""]","[""commercial_economics"", ""term_and_exit""]","[""audit_rights"", ""cap_on_liability"", ""revenue_profit_sharing""]",At least one distinct issue family contains a Medium finding.,False,False,f430f627738934e99e4ef645a86b95ed73b39f8c586b3c754a56400783256792
cuad_train_0252,contract_0252,train,252,train,context_092940eb81,"ROCKYMOUNTAINCHOCOLATEFACTORY,INC_12_23_2019-EX-10.2-STRATEGIC ALLIANCE AGREEMENT",collaboration,high,high,3,high,3,weak_rule_rollup,buyer_risk_rollup,"[""cuad_train_0252:cap_on_liability""]","[""liability_allocation""]","[""termination_for_convenience""]",At least one distinct issue family contains a High finding.,False,False,0cf2b9b2c6137425894a54226b39ce8f050eaebde0f9b95bbe1e25af0b119a75
cuad_train_0253,contract_0253,train,253,train,context_206fee16ed,VITAMINSHOPPECOMINC_09_13_1999-EX-10.26-SPONSORSHIP AGREEMENT,marketing,high,medium,2,medium,2,weak_rule_rollup,buyer_risk_rollup,"[""cuad_train_0253:uncapped_liability""]","[""liability_allocation""]","[""termination_for_convenience""]",At least one distinct issue family contains a Medium finding.,False,False,0df2116cdf74ca2842b3ae8fe77864e2bb350d05d9dc1d967485a95833402ad5
cuad_train_0254,contract_0254,train,254,train,context_6f56dccf70,"SOLUTIONSVENDINGINTERNATIONAL,INC_03_31_2020-EX1A-1 UNDR AGMT-SERVICES AGREEMENT",services,high,high,3,high,3,weak_rule_rollup,buyer_risk_rollup,"[""cuad_train_0254:cap_on_liability""]","[""liability_allocation""]",[],At least one distinct issue family contains a High finding.,False,False,1b7b190b8b9a85de761a9034df7d07a3157afec851b2550c7c176040f958ec57
cuad_train_0255,contract_0255,train,255,train,context_e485e6e784,InnerscopeHearingTechnologiesInc_20181109_8-K_EX-10.6_11419704_EX-10.6_Distributor Agreement,distribution,high,medium,2,medium,2,weak_rule_rollup,buyer_risk_rollup,"[""cuad_train_0255:anti_assignment"", ""cuad_train_0255:cap_on_liability"", ""cuad_train_0255:governing_law"", ""cuad_train_0255:license_grant"", ""cuad_train_0255:renewal_term""]","[""corporate_flexibility"", ""dispute_resolution"", ""intellectual_property"", ""liability_allocation"", ""term_and_exit""]","[""audit_rights"", ""license_grant""]",At least one distinct issue family contains a Medium finding.,False,False,8107dbee4c50a6f200875fac0c8870cf33afbc7dbf018ebcda2167a43288db07
cuad_train_0256,contract_0256,train,256,validation,context_8f28986acf,SmartRxSystemsInc_20180914_1-A_EX1A-6 MAT CTRCT_11351705_EX1A-6 MAT CTRCT_Distributor Agreement,distribution,high,high,3,high,3,weak_rule_rollup,buyer_risk_rollup,"[""cuad_train_0256:cap_on_liability""]","[""liability_allocation""]",[],At least one distinct issue family contains a High finding.,False,False,fc07e63599e78e19f7a225bc4ef1b3e7dc5fd0cf05c7892210b24596b0f2360d
cuad_train_0257,contract_0257,train,257,validation,context_420dd0172c,BIOFRONTERAAG_04_29_2019-EX-4.17-SUPPLY AGREEMENT,supply,high,medium,2,medium,2,weak_rule_rollup,buyer_risk_rollup,"[""cuad_train_0257:termination_for_convenience""]","[""term_and_exit""]","[""audit_rights"", ""cap_on_liability"", ""exclusivity""]",At least one distinct issue family contains a Medium finding.,False,False,28136e794bf344a5eedc4259213930d0c08b528d6ae8252addcac168d3f2e859
cuad_train_0258,contract_0258,train,258,train,context_88881539b9,"CORALGOLDRESOURCES,LTD_05_28_2020-EX-4.1-CONSULTING AGREEMENT",services,high,medium,2,medium,2,weak_rule_rollup,buyer_risk_rollup,"[""cuad_train_0258:anti_assignment"", ""cuad_train_0258:governing_law"", ""cuad_train_0258:termination_for_convenience""]","[""corporate_flexibility"", ""dispute_resolution"", ""term_and_exit""]","[""cap_on_liability""]",At least one distinct issue family contains a Medium finding.,False,False,909f4a9d8ca8ef197dcf0c99f79cc682ea5b3df022f07c1b295da82deb4cd8b8
cuad_train_0259,contract_0259,train,259,train,context_05461c3198,Cerus Corporation - FIRST AMEND TO SUPPLY AND MANUFACTURING AGREEMENT,supply,high,high,3,high,3,weak_rule_rollup,buyer_risk_rollup,"[""cuad_train_0259:cap_on_liability""]","[""liability_allocation""]",[],At least one distinct issue family contains a High finding.,False,False,43adbd649147ab9c56ac019476f00d76a3c5719a4fbfe29451959cb875babea1
cuad_train_0260,contract_0260,train,260,train,context_5005cd2073,OLDAPIWIND-DOWNLTD_01_08_2016-EX-1.3-AGENCY AGREEMENT2,unknown,low,medium,2,medium,2,weak_rule_rollup,buyer_risk_rollup,"[""cuad_train_0260:governing_law""]","[""dispute_resolution""]","[""cap_on_liability"", ""license_grant"", ""termination_for_convenience""]",At least one distinct issue family contains a Medium finding.,False,False,67c067411b536fb05eb5e9c3cc55f7dca50cc24c49fd0ec11f93b11cc7d7de01
cuad_train_0261,contract_0261,train,261,train,context_3894473d99,ATENTOSA_07_06_2020-EX-99.1-JOINT FILING AGREEMENT,unknown,low,medium,2,medium,2,weak_rule_rollup,buyer_risk_rollup,"[""cuad_train_0261:governing_law""]","[""dispute_resolution""]","[""cap_on_liability"", ""license_grant"", ""termination_for_convenience""]",At least one distinct issue family contains a Medium finding.,False,False,8e75f2b5477d1d5bb1da6da2c58289e0d3b2934bdf39277463995eab57c9e838
cuad_train_0262,contract_0262,train,262,train,context_7793ce7802,HealthcentralCom_19991108_S-1A_EX-10.27_6623292_EX-10.27_Co-Branding Agreement,unknown,low,medium,2,medium,2,weak_rule_rollup,buyer_risk_rollup,"[""cuad_train_0262:audit_rights"", ""cuad_train_0262:exclusivity"", ""cuad_train_0262:governing_law"", ""cuad_train_0262:license_grant"", ""cuad_train_0262:uncapped_liability""]","[""commercial_economics"", ""commercial_restrictions"", ""dispute_resolution"", ""intellectual_property"", ""liability_allocation""]","[""cap_on_liability"", ""license_grant"", ""revenue_profit_sharing"", ""termination_for_convenience""]",At least one distinct issue family contains a Medium finding.,False,False,d4402382bb26ede59c4ba8f382d8fa23b6f815bc9fcd914181368d1e1e5aee73
cuad_train_0263,contract_0263,train,263,train,context_d35bad632f,GAINSCOINC_01_21_2010-EX-10.41-SPONSORSHIP AGREEMENT,marketing,high,medium,2,medium,2,weak_rule_rollup,buyer_risk_rollup,"[""cuad_train_0263:termination_for_convenience""]","[""term_and_exit""]","[""cap_on_liability"", ""license_grant""]",At least one distinct issue family contains a Medium finding.,False,False,c9c939c124076c8aeec0cbdf6f0cd6f3328a1c3ce5f1afe90d11449172122a4c
cuad_train_0264,contract_0264,train,264,validation,context_dfce8c726d,"TURNKEYCAPITAL,INC_07_20_2017-EX-1.1-Strategic Alliance Agreement",collaboration,high,high,3,high,3,weak_rule_rollup,buyer_risk_rollup,"[""cuad_train_0264:cap_on_liability""]","[""liability_allocation""]",[],At least one distinct issue family contains a High finding.,False,False,c6d3bd7a840671da319819fad0b8c1cc1545ab83ddcf9016c7ce3aaf2b52c4de
cuad_train_0265,contract_0265,train,265,train,context_7d00f12c80,IVILLAGEINC_03_17_1999-EX-10.16-SPONSORSHIP AGREEMENT,marketing,high,medium,2,medium,2,weak_rule_rollup,buyer_risk_rollup,"[""cuad_train_0265:exclusivity"", ""cuad_train_0265:renewal_term""]","[""commercial_restrictions"", ""term_and_exit""]","[""audit_rights"", ""termination_for_convenience""]",At least one distinct issue family contains a Medium finding.,False,False,632d1ad2a7e8c1f63d6be2ea1988527bf71bf8d1122105f3c2e0c1c6d40aab18
cuad_train_0266,contract_0266,train,266,train,context_10fa02b991,"IPAYMENT,INC_05_14_2007-EX-10.1-SPONSORSHIP AGREEMENT",marketing,high,medium,2,medium,2,weak_rule_rollup,buyer_risk_rollup,"[""cuad_train_0266:anti_assignment"", ""cuad_train_0266:audit_rights"", ""cuad_train_0266:termination_for_convenience""]","[""commercial_economics"", ""corporate_flexibility"", ""term_and_exit""]","[""license_grant"", ""renewal_term"", ""termination_for_convenience""]",At least one distinct issue family contains a Medium finding.,False,False,d5c79b7b079e516fade39ac224ac04ad983fcdf711ee0bc411ac221ae1fd78f6
cuad_train_0267,contract_0267,train,267,train,context_b7110db446,RISEEDUCATIONCAYMANLTD_04_17_2020-EX-4.23-SERVICE AGREEMENT,services,high,high,3,high,3,weak_rule_rollup,buyer_risk_rollup,"[""cuad_train_0267:cap_on_liability""]","[""liability_allocation""]","[""renewal_term"", ""revenue_profit_sharing""]",At least one distinct issue family contains a High finding.,False,False,4d9af82e13bc95c4459e66c7d19439753237bc89e6e4bf10819aedcc4018534f
cuad_train_0268,contract_0268,train,268,train,context_4c6015f7ce,STARTECGLOBALCOMMUNICATIONSCORP_11_16_1998-EX-10.30-CONSTRUCTION AND MAINTENANCE AGREEMENT,unknown,low,medium,2,medium,2,weak_rule_rollup,buyer_risk_rollup,"[""cuad_train_0268:anti_assignment"", ""cuad_train_0268:audit_rights"", ""cuad_train_0268:governing_law"", ""cuad_train_0268:termination_for_convenience""]","[""commercial_economics"", ""corporate_flexibility"", ""dispute_resolution"", ""term_and_exit""]","[""audit_rights"", ""cap_on_liability"", ""license_grant"", ""revenue_profit_sharing""]",At least one distinct issue family contains a Medium finding.,False,False,cf04de080570e4ba426c11eaba774f54552c9f8f3dfba54f655473b80cbac9da
cuad_train_0269,contract_0269,train,269,train,context_ae87153b7a,LejuHoldingsLtd_20140121_DRS (on F-1)_EX-10.26_8473102_EX-10.26_Content License Agreement2,license,high,high,3,high,3,weak_rule_rollup,buyer_risk_rollup,"[""cuad_train_0269:cap_on_liability""]","[""liability_allocation""]",[],At least one distinct issue family contains a High finding.,False,False,01ebcd4dc1fdc164d0f68fd217be2b99ba76c39f5d842288808a1dca8c8d839c
cuad_train_0270,contract_0270,train,270,train,context_fd4b6b9525,FIBROGENINC_10_01_2014-EX-10.11-COLLABORATION AGREEMENT,collaboration,high,medium,2,medium,2,weak_rule_rollup,buyer_risk_rollup,"[""cuad_train_0270:license_grant""]","[""intellectual_property""]","[""audit_rights"", ""cap_on_liability"", ""license_grant"", ""revenue_profit_sharing"", ""termination_for_convenience""]",At least one distinct issue family contains a Medium finding.,False,False,b91c8e29f3002e983cfeb01ad86739f785fec1b6f7a5d934b61136725bf4d67a
cuad_train_0271,contract_0271,train,271,validation,context_135e3967ad,"KNOWLABS,INC_08_15_2005-EX-10-INTELLECTUAL PROPERTY AGREEMENT",unknown,low,medium,2,medium,2,weak_rule_rollup,buyer_risk_rollup,"[""cuad_train_0271:governing_law""]","[""dispute_resolution""]","[""cap_on_liability"", ""license_grant"", ""termination_for_convenience""]",At least one distinct issue family contains a Medium finding.,False,False,70d818aaac809a4ea97f778473b7235a9601f93c191c8a110595fc360aacb5f9
cuad_train_0272,contract_0272,train,272,train,context_67b43c738c,UAGHINC_04_14_2004-EX-10.18-MAINTENANCE AGREEMENT,unknown,low,low,1,medium,2,weak_rule_rollup,buyer_risk_rollup,"[""cuad_train_0272:license_grant"", ""cuad_train_0272:renewal_term""]","[""intellectual_property"", ""term_and_exit""]","[""license_grant"", ""renewal_term""]","No explicit finding exceeds Low severity, but a material issue remains unresolved and raises review priority to Medium.",False,False,357149c870e8edc3d56935a44a10fe0ecdd4db2381e3cd1fd72c0eadbe200bde
cuad_train_0273,contract_0273,train,273,train,context_bbe728c8d3,"ARMSTRONGFLOORING,INC_01_07_2019-EX-10.2-INTELLECTUAL PROPERTY AGREEMENT",unknown,low,medium,2,medium,2,weak_rule_rollup,buyer_risk_rollup,"[""cuad_train_0273:license_grant""]","[""intellectual_property""]","[""cap_on_liability"", ""termination_for_convenience""]",At least one distinct issue family contains a Medium finding.,False,False,8ff1a7503594d70ad15a6cdad9242ff5d5d8ca9db2e75074d02834d9b1b47b3d
cuad_train_0274,contract_0274,train,274,train,context_0003419e35,VitalibisInc_20180316_8-K_EX-10.2_11100168_EX-10.2_Hosting Agreement,unknown,low,medium,2,medium,2,weak_rule_rollup,buyer_risk_rollup,"[""cuad_train_0274:anti_assignment"", ""cuad_train_0274:cap_on_liability"", ""cuad_train_0274:renewal_term""]","[""corporate_flexibility"", ""liability_allocation"", ""term_and_exit""]","[""cap_on_liability""]",At least one distinct issue family contains a Medium finding.,False,False,7863e8bf7aaff7ae207d0864a7a7066e1b7ad6a309117538ee2db1d9b4137bbb
cuad_train_0275,contract_0275,train,275,train,context_e740ab6e36,HEALTHGATEDATACORP_11_24_1999-EX-10.1-HOSTING AND MANAGEMENT AGREEMENT - Escrow Agreement,unknown,low,medium,2,medium,2,weak_rule_rollup,buyer_risk_rollup,"[""cuad_train_0275:cap_on_liability"", ""cuad_train_0275:governing_law"", ""cuad_train_0275:termination_for_convenience""]","[""dispute_resolution"", ""liability_allocation"", ""term_and_exit""]","[""license_grant""]",At least one distinct issue family contains a Medium finding.,False,False,a882b126b747c9f0fbdd79a2d197e132d6b06ca49335e3f02291557d324c10fd
cuad_train_0276,contract_0276,train,276,train,context_8653154361,BNLFINANCIALCORP_03_30_2007-EX-10.8-OUTSOURCING AGREEMENT,services,high,medium,2,medium,2,weak_rule_rollup,buyer_risk_rollup,"[""cuad_train_0276:cap_on_liability"", ""cuad_train_0276:license_grant"", ""cuad_train_0276:termination_for_convenience""]","[""intellectual_property"", ""liability_allocation"", ""term_and_exit""]","[""cap_on_liability"", ""renewal_term"", ""uncapped_liability""]",At least one distinct issue family contains a Medium finding.,False,False,8eb79bb4ec5ab5dd06fd2c7633dc91a84cf816736c1ece4d90ec0b8d71f83ab2
cuad_train_0277,contract_0277,train,277,train,context_3a33fb1f03,"IOVANCEBIOTHERAPEUTICS,INC_08_03_2017-EX-10.1-STRATEGIC ALLIANCE AGREEMENT",collaboration,high,medium,2,medium,2,weak_rule_rollup,buyer_risk_rollup,"[""cuad_train_0277:anti_assignment"", ""cuad_train_0277:license_grant"", ""cuad_train_0277:termination_for_convenience"", ""cuad_train_0277:uncapped_liability""]","[""corporate_flexibility"", ""intellectual_property"", ""liability_allocation"", ""term_and_exit""]","[""audit_rights"", ""cap_on_liability"", ""uncapped_liability""]",At least one distinct issue family contains a Medium finding.,False,False,1aa2574ca312a72c3a0676e00964653fde3a64edb566f544cac881b6674f4c16
cuad_train_0278,contract_0278,train,278,validation,context_b86261cb9c,NEONSYSTEMSINC_03_01_1999-EX-10.5-DISTRIBUTOR AGREEMENT_New,distribution,high,medium,2,medium,2,weak_rule_rollup,buyer_risk_rollup,"[""cuad_train_0278:anti_assignment"", ""cuad_train_0278:audit_rights"", ""cuad_train_0278:cap_on_liability"", ""cuad_train_0278:governing_law"", ""cuad_train_0278:termination_for_convenience""]","[""commercial_economics"", ""corporate_flexibility"", ""dispute_resolution"", ""liability_allocation"", ""term_and_exit""]","[""cap_on_liability"", ""revenue_profit_sharing""]",At least one distinct issue family contains a Medium finding.,False,False,acf1fbe6de84c75f0410f1f51cb94315d533cc5c97ffeb364aa99e00fc8b3958
cuad_train_0279,contract_0279,train,279,train,context_96d654b37a,TELKOMSALTD_01_30_2003-EX-10-LICENCE AND MAINTENANCE AGREEMENT,license,high,medium,2,medium,2,weak_rule_rollup,buyer_risk_rollup,"[""cuad_train_0279:cap_on_liability"", ""cuad_train_0279:governing_law"", ""cuad_train_0279:revenue_profit_sharing"", ""cuad_train_0279:termination_for_convenience""]","[""commercial_economics"", ""dispute_resolution"", ""liability_allocation"", ""term_and_exit""]","[""cap_on_liability"", ""license_grant"", ""revenue_profit_sharing""]",At least one distinct issue family contains a Medium finding.,False,False,b06cfa7dd295bc09dd7e7ed8142e79e9a853009d2550c4780a5cc9a514ad6ed9
cuad_train_0280,contract_0280,train,280,train,context_a855aacc77,"FIDELITYNATIONALINFORMATIONSERVICES,INC_08_05_2009-EX-10.3-INTELLECTUAL PROPERTY AGREEMENT",unknown,low,medium,2,medium,2,weak_rule_rollup,buyer_risk_rollup,"[""cuad_train_0280:anti_assignment"", ""cuad_train_0280:cap_on_liability"", ""cuad_train_0280:license_grant""]","[""corporate_flexibility"", ""intellectual_property"", ""liability_allocation""]","[""audit_rights"", ""termination_for_convenience""]",At least one distinct issue family contains a Medium finding.,False,False,1548a698bd96e53c7bf7a60f7dd065cf340bf1a2282cb748d6c01addc800a26d
cuad_train_0281,contract_0281,train,281,train,context_817c21e686,TRUENORTHENERGYCORP_02_08_2007-EX-10.1-DEVELOPMENT AGREEMENT,unknown,low,medium,2,medium,2,weak_rule_rollup,buyer_risk_rollup,"[""cuad_train_0281:anti_assignment""]","[""corporate_flexibility""]","[""cap_on_liability"", ""license_grant"", ""termination_for_convenience""]",At least one distinct issue family contains a Medium finding.,False,False,37104b954c35b7e787eebe9da39567d4025449a11167072c06e81ab4286eb0c3
cuad_train_0282,contract_0282,train,282,train,context_d11268330e,GentechHoldingsInc_20190808_1-A_EX1A-6 MAT CTRCT_11776814_EX1A-6 MAT CTRCT_Distributor Agreement,distribution,high,medium,2,medium,2,weak_rule_rollup,buyer_risk_rollup,"[""cuad_train_0282:termination_for_convenience""]","[""term_and_exit""]","[""exclusivity""]",At least one distinct issue family contains a Medium finding.,False,False,d227de8dd0e5e03ed4b7dee2b451f01aa6ea195295539ab6453cb220acb6a930
cuad_train_0283,contract_0283,train,283,train,context_b9769e816d,TICKETSCOMINC_06_22_1999-EX-10.22-SPONSORSHIP AGREEMENT,marketing,high,medium,2,medium,2,weak_rule_rollup,buyer_risk_rollup,"[""cuad_train_0283:termination_for_convenience"", ""cuad_train_0283:uncapped_liability""]","[""liability_allocation"", ""term_and_exit""]","[""license_grant"", ""renewal_term""]",At least one distinct issue family contains a Medium finding.,False,False,4928e56782c0c6c8d589f9ceb019dc418e38b7b324be28f49a20a81b03d1eaa7
cuad_train_0284,contract_0284,train,284,train,context_50472eddd4,"ADMA BioManufacturing, LLC -  Amendment #3 to Manufacturing Agreement ",unknown,low,medium,2,medium,2,weak_rule_rollup,buyer_risk_rollup,"[""cuad_train_0284:governing_law""]","[""dispute_resolution""]","[""cap_on_liability"", ""license_grant"", ""termination_for_convenience"", ""uncapped_liability""]",At least one distinct issue family contains a Medium finding.,False,False,bce002bc4b17df3b0ccdeb12ce4e75d4005815a430ea0adab7845489a366c0a9
cuad_train_0285,contract_0285,train,285,train,context_61a4ea9ef6,OFGBANCORP_03_28_2007-EX-10.23-OUTSOURCING AGREEMENT,services,high,medium,2,medium,2,weak_rule_rollup,buyer_risk_rollup,"[""cuad_train_0285:anti_assignment"", ""cuad_train_0285:audit_rights"", ""cuad_train_0285:cap_on_liability"", ""cuad_train_0285:exclusivity"", ""cuad_train_0285:renewal_term""]","[""commercial_economics"", ""commercial_restrictions"", ""corporate_flexibility"", ""liability_allocation"", ""term_and_exit""]","[""cap_on_liability"", ""termination_for_convenience""]",At least one distinct issue family contains a Medium finding.,False,False,2c0cbfce0cdc073b09800802a58fd0f025e9d1f7014713ecc5dd47f7c62f2c52
cuad_train_0286,contract_0286,train,286,train,context_641b3f0dbb,"DUOSTECHNOLOGIESGROUP,INC_04_21_2009-EX-10.1-STRATEGIC ALLIANCE AGREEMENT",collaboration,high,medium,2,medium,2,weak_rule_rollup,buyer_risk_rollup,"[""cuad_train_0286:termination_for_convenience"", ""cuad_train_0286:uncapped_liability""]","[""liability_allocation"", ""term_and_exit""]","[""revenue_profit_sharing""]",At least one distinct issue family contains a Medium finding.,False,False,17f0b67c57a587044cc00aa7b9dfc258cd199f809b8fa5c19acddceb873b8517
cuad_train_0287,contract_0287,train,287,train,context_418d78b41f,OLDAPIWIND-DOWNLTD_01_08_2016-EX-1.3-AGENCY AGREEMENT1,unknown,low,medium,2,medium,2,weak_rule_rollup,buyer_risk_rollup,"[""cuad_train_0287:anti_assignment"", ""cuad_train_0287:governing_law""]","[""corporate_flexibility"", ""dispute_resolution""]","[""cap_on_liability"", ""license_grant"", ""revenue_profit_sharing"", ""termination_for_convenience""]",At least one distinct issue family contains a Medium finding.,False,False,96f162f2cb658cc49c87f9f1209c5bea1a72fe97d4d60d35c0d06012f2342a66
cuad_train_0288,contract_0288,train,288,train,context_d56b97e59b,"ADIANUTRITION,INC_04_01_2005-EX-10.D2-RESELLER AGREEMENT",distribution,high,medium,2,medium,2,weak_rule_rollup,buyer_risk_rollup,"[""cuad_train_0288:anti_assignment"", ""cuad_train_0288:cap_on_liability"", ""cuad_train_0288:termination_for_convenience""]","[""corporate_flexibility"", ""liability_allocation"", ""term_and_exit""]","[""audit_rights"", ""license_grant""]",At least one distinct issue family contains a Medium finding.,False,False,c757bb1d6007551134d3831a8e3ee3ef1491c59513844f80a61989cac2b0897c
cuad_train_0289,contract_0289,train,289,train,context_65f52050f7,"ATHENSBANCSHARESCORP_11_02_2009-EX-1.2-AGENCY AGREEMENT , 2009",unknown,low,medium,2,medium,2,weak_rule_rollup,buyer_risk_rollup,"[""cuad_train_0289:cap_on_liability""]","[""liability_allocation""]","[""license_grant"", ""revenue_profit_sharing"", ""termination_for_convenience""]",At least one distinct issue family contains a Medium finding.,False,False,5698a2da99dd5ca090571f4c9a7ac437d868443121ddc9288aa5a9bcfb3e118e
cuad_train_0290,contract_0290,train,290,train,context_d42eacdc56,SoupmanInc_20150814_8-K_EX-10.1_9230148_EX-10.1_Franchise Agreement3,franchise,high,high,3,high,3,weak_rule_rollup,buyer_risk_rollup,"[""cuad_train_0290:cap_on_liability""]","[""liability_allocation""]",[],At least one distinct issue family contains a High finding.,False,False,d1c74726a00a6c1eb413437fbe539764f8d45d86b077b93b5b48a4b71b2aa048
cuad_train_0291,contract_0291,train,291,train,context_15c4dd7a89,MOVADOGROUPINC_04_30_2003-EX-10.28-ENDORSEMENT AGREEMENT,marketing,high,low,1,medium,2,weak_rule_rollup,buyer_risk_rollup,"[""cuad_train_0291:cap_on_liability"", ""cuad_train_0291:license_grant"", ""cuad_train_0291:termination_for_convenience""]","[""intellectual_property"", ""liability_allocation"", ""term_and_exit""]","[""cap_on_liability"", ""license_grant"", ""termination_for_convenience""]","No explicit finding exceeds Low severity, but a material issue remains unresolved and raises review priority to Medium.",False,False,ba1c107875c61d0b4913f6aaaaf00d5ca64d75d9a594447d02c40880d8f44fea
cuad_train_0292,contract_0292,train,292,train,context_fcff95330a,StaarSurgicalCompany_20180801_10-Q_EX-10.37_11289449_EX-10.37_Distributor Agreement,distribution,high,medium,2,medium,2,weak_rule_rollup,buyer_risk_rollup,"[""cuad_train_0292:cap_on_liability"", ""cuad_train_0292:exclusivity""]","[""commercial_restrictions"", ""liability_allocation""]","[""cap_on_liability"", ""exclusivity""]",At least one distinct issue family contains a Medium finding.,False,False,59c04dd39af6531fd9ac9629ac6ca5172e541a1cd453014c01af4bc459ccfc58
cuad_train_0293,contract_0293,train,293,train,context_4199a3489f,EmeraldHealthBioceuticalsInc_20200218_1-A_EX1A-6 MAT CTRCT_11987205_EX1A-6 MAT CTRCT_Development Agreement,unknown,low,medium,2,medium,2,weak_rule_rollup,buyer_risk_rollup,"[""cuad_train_0293:anti_assignment"", ""cuad_train_0293:audit_rights"", ""cuad_train_0293:exclusivity"", ""cuad_train_0293:renewal_term""]","[""commercial_economics"", ""commercial_restrictions"", ""corporate_flexibility"", ""term_and_exit""]","[""cap_on_liability"", ""license_grant""]",At least one distinct issue family contains a Medium finding.,False,False,bf50af4e34a26a48208d580e6398c2ec1b5eae043e6d024563f5b1efb681ca11
cuad_train_0294,contract_0294,train,294,validation,context_c79048a182,STAMPSCOMINC_06_24_1999-EX-10.18-SPONSORSHIP AGREEMENT,marketing,high,medium,2,medium,2,weak_rule_rollup,buyer_risk_rollup,"[""cuad_train_0294:uncapped_liability""]","[""liability_allocation""]","[""audit_rights"", ""revenue_profit_sharing"", ""termination_for_convenience""]",At least one distinct issue family contains a Medium finding.,False,False,9f065ac5ffd4d1c95be4c7e8f97967f77bc5689952f589429095e6a59003416f
cuad_train_0295,contract_0295,train,295,train,context_8c43faa091,BEYONDCOMCORP_08_03_2000-EX-10.2-CO-HOSTING AGREEMENT,unknown,low,medium,2,medium,2,weak_rule_rollup,buyer_risk_rollup,"[""cuad_train_0295:cap_on_liability"", ""cuad_train_0295:exclusivity""]","[""commercial_restrictions"", ""liability_allocation""]","[""termination_for_convenience""]",At least one distinct issue family contains a Medium finding.,False,False,366791ae1ac1b2c163c069d3afed275ba3129a65574609fba9e94e56e66de9e4
cuad_train_0296,contract_0296,train,296,train,context_1e8d6cf9bb,CHEETAHMOBILEINC_04_22_2014-EX-10.43-Cooperation Agreement,unknown,low,medium,2,medium,2,weak_rule_rollup,buyer_risk_rollup,"[""cuad_train_0296:exclusivity""]","[""commercial_restrictions""]","[""cap_on_liability"", ""exclusivity"", ""governing_law"", ""license_grant"", ""renewal_term"", ""revenue_profit_sharing"", ""termination_for_convenience""]",At least one distinct issue family contains a Medium finding.,False,False,7ad4aef216d809694d967cf966fc42f9018f8d7c9667c59fa44c946c7bf0e08e
cuad_train_0297,contract_0297,train,297,train,context_a287db31fd,ClickstreamCorp_20200330_1-A_EX1A-6 MAT CTRCT_12089935_EX1A-6 MAT CTRCT_Development Agreement,unknown,low,medium,2,medium,2,weak_rule_rollup,buyer_risk_rollup,"[""cuad_train_0297:anti_assignment"", ""cuad_train_0297:license_grant""]","[""corporate_flexibility"", ""intellectual_property""]","[""cap_on_liability"", ""termination_for_convenience""]",At least one distinct issue family contains a Medium finding.,False,False,60e84c78b61cf379963d4ae8b7749ebd9c33dd7833b961fdd2c6cb9b2d0a07ed
cuad_train_0298,contract_0298,train,298,train,context_8bca613f53,NEOMEDIATECHNOLOGIESINC_12_15_2005-EX-16.1-DISTRIBUTOR AGREEMENT,distribution,high,medium,2,medium,2,weak_rule_rollup,buyer_risk_rollup,"[""cuad_train_0298:cap_on_liability"", ""cuad_train_0298:governing_law"", ""cuad_train_0298:termination_for_convenience""]","[""dispute_resolution"", ""liability_allocation"", ""term_and_exit""]","[""cap_on_liability""]",At least one distinct issue family contains a Medium finding.,False,False,b3db6d72f9b7e01afbc4f535c2c4475bdbe758225567ea89ac2b3105276d6993
cuad_train_0299,contract_0299,train,299,train,context_6fc8032fab,"ADUROBIOTECH,INC_06_02_2020-EX-10.7-CONSULTING AGREEMENT(1)",services,high,high,3,high,3,weak_rule_rollup,buyer_risk_rollup,"[""cuad_train_0299:cap_on_liability""]","[""liability_allocation""]","[""exclusivity""]",At least one distinct issue family contains a High finding.,False,False,23255988c8f39e0b67d7ff8a2b316a17c3bf4cc0557141d6a7e6e9cc7d770ad3
cuad_train_0300,contract_0300,train,300,train,context_3fcf68a64d,LejuHoldingsLtd_20140121_DRS (on F-1)_EX-10.26_8473102_EX-10.26_Content License Agreement1,license,high,high,3,high,3,weak_rule_rollup,buyer_risk_rollup,"[""cuad_train_0300:cap_on_liability""]","[""liability_allocation""]",[],At least one distinct issue family contains a High finding.,False,False,edb50810e93b97e83365e7e66f2bf583cfee3981ea1ffdbbcb9f0783d9050e2e
cuad_train_0301,contract_0301,train,301,train,context_eaa540c778,"VISIUMTECHNOLOGIES,INC_10_20_2004-EX-10.20-DISTRIBUTOR AGREEMENT",distribution,high,medium,2,medium,2,weak_rule_rollup,buyer_risk_rollup,"[""cuad_train_0301:anti_assignment"", ""cuad_train_0301:cap_on_liability"", ""cuad_train_0301:termination_for_convenience""]","[""corporate_flexibility"", ""liability_allocation"", ""term_and_exit""]","[""audit_rights"", ""license_grant"", ""revenue_profit_sharing""]",At least one distinct issue family contains a Medium finding.,False,False,cec5f04420ae88b3e5efd45a814f83d161cae9765f95a3b06404a81266f85caa
cuad_train_0302,contract_0302,train,302,validation,context_9f25b23576,"INNOVIVA,INC_08_07_2014-EX-10.1-COLLABORATION AGREEMENT",collaboration,high,medium,2,medium,2,weak_rule_rollup,buyer_risk_rollup,"[""cuad_train_0302:audit_rights"", ""cuad_train_0302:cap_on_liability"", ""cuad_train_0302:license_grant"", ""cuad_train_0302:termination_for_convenience""]","[""commercial_economics"", ""intellectual_property"", ""liability_allocation"", ""term_and_exit""]","[""audit_rights""]",At least one distinct issue family contains a Medium finding.,False,False,6885da43f470be15f67ecf5be03d1006d27cf88e11aeef8bf478d81f71e0c7e2
cuad_train_0303,contract_0303,train,303,train,context_0ebd0e50e8,SoupmanInc_20150814_8-K_EX-10.1_9230148_EX-10.1_Franchise Agreement2,franchise,high,high,3,high,3,weak_rule_rollup,buyer_risk_rollup,"[""cuad_train_0303:cap_on_liability""]","[""liability_allocation""]",[],At least one distinct issue family contains a High finding.,False,False,c7753fb51c35e8316aac93bf5821f4d7d6c78323972196fc8e6c679b954d5e6c
cuad_train_0304,contract_0304,train,304,train,context_6fc8032fab,"ADUROBIOTECH,INC_06_02_2020-EX-10.7-CONSULTING AGREEMENT",services,high,high,3,high,3,weak_rule_rollup,buyer_risk_rollup,"[""cuad_train_0304:cap_on_liability""]","[""liability_allocation""]",[],At least one distinct issue family contains a High finding.,False,False,23255988c8f39e0b67d7ff8a2b316a17c3bf4cc0557141d6a7e6e9cc7d770ad3
cuad_train_0305,contract_0305,train,305,train,context_83ea42eb57,CybergyHoldingsInc_20140520_10-Q_EX-10.27_8605784_EX-10.27_Affiliate Agreement,unknown,low,medium,2,medium,2,weak_rule_rollup,buyer_risk_rollup,"[""cuad_train_0305:cap_on_liability"", ""cuad_train_0305:license_grant""]","[""intellectual_property"", ""liability_allocation""]","[""audit_rights"", ""cap_on_liability"", ""governing_law"", ""license_grant"", ""termination_for_convenience""]",At least one distinct issue family contains a Medium finding.,False,False,1b75149a48763374ea9c10fe351848153b469499c9b3171565b41bdbd45a0f8d
cuad_train_0306,contract_0306,train,306,train,context_1847d1fca7,MANAKOASERVICESCORP_11_21_2007-EX-7.5-STRATEGIC ALLIANCE AGREEMENT,collaboration,high,high,3,high,3,weak_rule_rollup,buyer_risk_rollup,"[""cuad_train_0306:cap_on_liability""]","[""liability_allocation""]","[""revenue_profit_sharing""]",At least one distinct issue family contains a High finding.,False,False,bc94244e30306b2bb8347a007bdb4da71cb0528a56049c86d918dd8883345fb3
cuad_train_0307,contract_0307,train,307,validation,context_1454bd9113,FLOTEKINDUSTRIESINCCN_05_09_2019-EX-10.1-SUPPLY AGREEMENT,supply,high,high,3,high,3,weak_rule_rollup,buyer_risk_rollup,"[""cuad_train_0307:cap_on_liability""]","[""liability_allocation""]",[],At least one distinct issue family contains a High finding.,False,False,815163168842823c359e4f2147ff20e0c11ba52e92fc3b61a7bb6335f1409be6
cuad_train_0308,contract_0308,train,308,train,context_22e6b3c289,EUROPEANMICROHOLDINGSINC_03_06_1998-EX-10.6-DISTRIBUTOR AGREEMENT,distribution,high,medium,2,medium,2,weak_rule_rollup,buyer_risk_rollup,"[""cuad_train_0308:anti_assignment"", ""cuad_train_0308:audit_rights"", ""cuad_train_0308:cap_on_liability"", ""cuad_train_0308:renewal_term""]","[""commercial_economics"", ""corporate_flexibility"", ""liability_allocation"", ""term_and_exit""]","[""cap_on_liability"", ""termination_for_convenience""]",At least one distinct issue family contains a Medium finding.,False,False,d806943ae391f6f5a4d5ee897e2b40107cc948056d0faff9d2e81d231fb059d8
cuad_train_0309,contract_0309,train,309,train,context_82a1ef71ca,KitovPharmaLtd_20190326_20-F_EX-4.15_11584449_EX-4.15_Manufacturing Agreement,unknown,low,medium,2,medium,2,weak_rule_rollup,buyer_risk_rollup,"[""cuad_train_0309:exclusivity"", ""cuad_train_0309:governing_law"", ""cuad_train_0309:renewal_term"", ""cuad_train_0309:uncapped_liability""]","[""commercial_restrictions"", ""dispute_resolution"", ""liability_allocation"", ""term_and_exit""]","[""cap_on_liability"", ""termination_for_convenience""]",At least one distinct issue family contains a Medium finding.,False,False,7c3032699fe54a5e2c82716545279f4b173b548b79f659841c5689b18f64a058
cuad_train_0310,contract_0310,train,310,train,context_84028b9bdf,BellringBrandsInc_20190920_S-1_EX-10.12_11817081_EX-10.12_Manufacturing Agreement3,unknown,low,medium,2,medium,2,weak_rule_rollup,buyer_risk_rollup,"[""cuad_train_0310:governing_law""]","[""dispute_resolution""]","[""cap_on_liability"", ""license_grant"", ""termination_for_convenience""]",At least one distinct issue family contains a Medium finding.,False,False,063435deaed983bff69035a1db93843b925146affc740e05cc2e99778995e589
cuad_train_0311,contract_0311,train,311,train,context_6cb63d1c90,GOCALLINC_03_30_2000-EX-10.7-Promotion Agreement,unknown,low,medium,2,medium,2,weak_rule_rollup,buyer_risk_rollup,"[""cuad_train_0311:cap_on_liability""]","[""liability_allocation""]","[""exclusivity"", ""license_grant"", ""renewal_term"", ""revenue_profit_sharing"", ""termination_for_convenience""]",At least one distinct issue family contains a Medium finding.,False,False,451e4a9bf61e5bac71c66b8286b58894f0c7eca10291959a0c79ede533c4ef14
cuad_train_0312,contract_0312,train,312,train,context_1dc7ecf8ba,LEJUHOLDINGSLTD_03_12_2014-EX-10.34-INTERNET CHANNEL COOPERATION AGREEMENT,unknown,low,medium,2,medium,2,weak_rule_rollup,buyer_risk_rollup,"[""cuad_train_0312:anti_assignment"", ""cuad_train_0312:exclusivity""]","[""commercial_restrictions"", ""corporate_flexibility""]","[""cap_on_liability"", ""governing_law"", ""license_grant"", ""termination_for_convenience""]",At least one distinct issue family contains a Medium finding.,False,False,3b8e37d6654f64e03346182fcd4f0b40066df4fec0de37b9220345cf8d37ffbc
cuad_train_0313,contract_0313,train,313,validation,context_11981541c2,BLACKSTONEGSOLONG-SHORTCREDITINCOMEFUND_05_11_2020-EX-99.(K)(1)-SERVICE AGREEMENT,services,high,medium,2,medium,2,weak_rule_rollup,buyer_risk_rollup,"[""cuad_train_0313:anti_assignment"", ""cuad_train_0313:cap_on_liability"", ""cuad_train_0313:termination_for_convenience""]","[""corporate_flexibility"", ""liability_allocation"", ""term_and_exit""]",[],At least one distinct issue family contains a Medium finding.,False,False,575fe627cb99c7dc665bdfcf67380c0503ca2b7af71fba6e974872404a14f4ef
cuad_train_0314,contract_0314,train,314,train,context_b3f5354273,"MEETGROUP,INC_06_29_2017-EX-10.1-COOPERATION AGREEMENT",unknown,low,medium,2,medium,2,weak_rule_rollup,buyer_risk_rollup,"[""cuad_train_0314:anti_assignment""]","[""corporate_flexibility""]","[""cap_on_liability"", ""license_grant"", ""termination_for_convenience""]",At least one distinct issue family contains a Medium finding.,False,False,7aa6582007f2f953ed7f0fdc4418025054183c37386162db7ae073249cbadaec
cuad_train_0315,contract_0315,train,315,train,context_3c3a6d0666,GluMobileInc_20070319_S-1A_EX-10.09_436630_EX-10.09_Content License Agreement3,license,high,high,3,high,3,weak_rule_rollup,buyer_risk_rollup,"[""cuad_train_0315:cap_on_liability""]","[""liability_allocation""]",[],At least one distinct issue family contains a High finding.,False,False,94668aaf575826c5eaf742f573598bef6e34719f96d475c69c157a47d300f990
cuad_train_0316,contract_0316,train,316,validation,context_5c381f6acd,ADAPTIMMUNETHERAPEUTICSPLC_04_06_2017-EX-10.11-STRATEGIC ALLIANCE AGREEMENT,collaboration,high,medium,2,medium,2,weak_rule_rollup,buyer_risk_rollup,"[""cuad_train_0316:license_grant"", ""cuad_train_0316:termination_for_convenience""]","[""intellectual_property"", ""term_and_exit""]","[""exclusivity"", ""license_grant""]",At least one distinct issue family contains a Medium finding.,False,False,f20f55c32b8c30c720f2aabb614592e0cf8beb74e9e6fa25ad78a3295bb0db56
cuad_train_0317,contract_0317,train,317,train,context_c2856962aa,ENTRUSTINC_07_24_1998-EX-10.5-STRATEGIC ALLIANCE AGREEMENT,collaboration,high,medium,2,medium,2,weak_rule_rollup,buyer_risk_rollup,"[""cuad_train_0317:cap_on_liability"", ""cuad_train_0317:governing_law"", ""cuad_train_0317:license_grant"", ""cuad_train_0317:termination_for_convenience""]","[""dispute_resolution"", ""intellectual_property"", ""liability_allocation"", ""term_and_exit""]","[""cap_on_liability""]",At least one distinct issue family contains a Medium finding.,False,False,22947ccbf3dec3c83ec7567de73288f3e3e74681aa89dd59f0da5a5252168b7a
cuad_train_0318,contract_0318,train,318,train,context_1795369eab,SYKESHEALTHPLANSERVICESINC_04_24_1998-EX-10.14-OUTSOURCING AGREEMENT,services,high,high,3,high,3,weak_rule_rollup,buyer_risk_rollup,"[""cuad_train_0318:cap_on_liability""]","[""liability_allocation""]","[""governing_law""]",At least one distinct issue family contains a High finding.,False,False,0188ca707e39631156e62f71ee99a8a49a2183ca562eb0e35a2945167ecb1750
cuad_train_0319,contract_0319,train,319,validation,context_66c92076e7,NATIONALPROCESSINGINC_07_18_1996-EX-10.4-SPONSORSHIP AGREEMENT,marketing,high,low,1,medium,2,weak_rule_rollup,buyer_risk_rollup,"[""cuad_train_0319:cap_on_liability"", ""cuad_train_0319:exclusivity"", ""cuad_train_0319:license_grant"", ""cuad_train_0319:termination_for_convenience""]","[""commercial_restrictions"", ""intellectual_property"", ""liability_allocation"", ""term_and_exit""]","[""cap_on_liability"", ""exclusivity"", ""license_grant"", ""termination_for_convenience""]","No explicit finding exceeds Low severity, but a material issue remains unresolved and raises review priority to Medium.",False,False,6d561fa608a258250be52237d1b7789542041506614a4867c9e0a3da1cff4ea0
cuad_train_0320,contract_0320,train,320,validation,context_3158558062,SimplicityEsportsGamingCompany_20181130_8-K_EX-10.1_11444071_EX-10.1_Franchise Agreement,franchise,high,high,3,high,3,weak_rule_rollup,buyer_risk_rollup,"[""cuad_train_0320:cap_on_liability""]","[""liability_allocation""]","[""audit_rights""]",At least one distinct issue family contains a High finding.,False,False,4e5ebafdd3f0f5b43a304ea01666db6ee39355ddb58155c1c8a8fec3cf37824a
cuad_train_0321,contract_0321,train,321,train,context_49eede248c,QIWI_06_16_2017-EX-99.(D)(2)-COOPERATION AGREEMENT,unknown,low,medium,2,medium,2,weak_rule_rollup,buyer_risk_rollup,"[""cuad_train_0321:governing_law""]","[""dispute_resolution""]","[""cap_on_liability"", ""license_grant"", ""termination_for_convenience""]",At least one distinct issue family contains a Medium finding.,False,False,7948992d36fcf6b2d27ebd55dbdaeee258e1c035b3825ff954b6e2c55f900848
cuad_train_0322,contract_0322,train,322,train,context_701d06c701,RemarkHoldingsInc_20081114_10-Q_EX-10.24_2895649_EX-10.24_Content License Agreement,license,high,medium,2,medium,2,weak_rule_rollup,buyer_risk_rollup,"[""cuad_train_0322:anti_assignment"", ""cuad_train_0322:exclusivity"", ""cuad_train_0322:license_grant"", ""cuad_train_0322:revenue_profit_sharing"", ""cuad_train_0322:termination_for_convenience"", ""cuad_train_0322:uncapped_liability""]","[""commercial_economics"", ""commercial_restrictions"", ""corporate_flexibility"", ""intellectual_property"", ""liability_allocation"", ""term_and_exit""]","[""audit_rights"", ""exclusivity"", ""license_grant"", ""renewal_term"", ""revenue_profit_sharing""]",At least one distinct issue family contains a Medium finding.,False,False,633730271ed5a6b43ae1f54c01d6760b01d3442f4802679c8dcfa08078e7d937
cuad_train_0323,contract_0323,train,323,train,context_003b6680f2,CnsPharmaceuticalsInc_20200326_8-K_EX-10.1_12079626_EX-10.1_Development Agreement,unknown,low,low,1,medium,2,weak_rule_rollup,buyer_risk_rollup,"[""cuad_train_0323:cap_on_liability"", ""cuad_train_0323:license_grant"", ""cuad_train_0323:revenue_profit_sharing"", ""cuad_train_0323:termination_for_convenience""]","[""commercial_economics"", ""intellectual_property"", ""liability_allocation"", ""term_and_exit""]","[""audit_rights"", ""cap_on_liability"", ""license_grant"", ""revenue_profit_sharing"", ""termination_for_convenience""]","No explicit finding exceeds Low severity, but a material issue remains unresolved and raises review priority to Medium.",False,False,fcf374a48a92fa8c689861905d2d8cc89cbbbd613ae3ae32dc7e61b71bda1fe7
cuad_train_0324,contract_0324,train,324,train,context_f9bf29ddd8,GluMobileInc_20070319_S-1A_EX-10.09_436630_EX-10.09_Content License Agreement2,license,high,high,3,high,3,weak_rule_rollup,buyer_risk_rollup,"[""cuad_train_0324:cap_on_liability""]","[""liability_allocation""]","[""exclusivity"", ""license_grant"", ""revenue_profit_sharing""]",At least one distinct issue family contains a High finding.,False,False,ab313de5385c0998e3242d39c567f21c4297e4f1c9eafbda33998f330deda36c
cuad_train_0325,contract_0325,train,325,train,context_e1727ddbe0,"BLUEHILLSBANCORP,INC_05_20_2014-EX-1.1-AGENCY AGREEMENT",unknown,low,medium,2,medium,2,weak_rule_rollup,buyer_risk_rollup,"[""cuad_train_0325:cap_on_liability""]","[""liability_allocation""]","[""license_grant"", ""revenue_profit_sharing"", ""termination_for_convenience""]",At least one distinct issue family contains a Medium finding.,False,False,a2b6fb3f49c52a03d2b958c00a02f115c282f0d4a53c530d62ba895b9c4300e9
cuad_train_0326,contract_0326,train,326,validation,context_2e7533cc9f,GarrettMotionInc_20181001_8-K_EX-2.4_11364532_EX-2.4_Intellectual Property Agreement,unknown,low,medium,2,medium,2,weak_rule_rollup,buyer_risk_rollup,"[""cuad_train_0326:anti_assignment"", ""cuad_train_0326:license_grant"", ""cuad_train_0326:termination_for_convenience""]","[""corporate_flexibility"", ""intellectual_property"", ""term_and_exit""]","[""cap_on_liability""]",At least one distinct issue family contains a Medium finding.,False,False,fa8bdf71adf2495c4248b0bf66536947b3d11df34261c30193c751d8f4d05543
cuad_train_0327,contract_0327,train,327,validation,context_501b5756c0,TheglobeComInc_19990503_S-1A_EX-10.20_5416126_EX-10.20_Co-Branding Agreement,unknown,low,medium,2,medium,2,weak_rule_rollup,buyer_risk_rollup,"[""cuad_train_0327:audit_rights""]","[""commercial_economics""]","[""revenue_profit_sharing"", ""termination_for_convenience"", ""uncapped_liability""]",At least one distinct issue family contains a Medium finding.,False,False,51b71ecc7fb7756524eec4e5bc2130ef0cbf99352537669e0887836391695392
cuad_train_0328,contract_0328,train,328,train,context_1620d642b9,EmbarkComInc_19991008_S-1A_EX-10.10_6487661_EX-10.10_Co-Branding Agreement,unknown,low,low,1,medium,2,weak_rule_rollup,buyer_risk_rollup,"[""cuad_train_0328:cap_on_liability"", ""cuad_train_0328:termination_for_convenience""]","[""liability_allocation"", ""term_and_exit""]","[""cap_on_liability"", ""termination_for_convenience""]","No explicit finding exceeds Low severity, but a material issue remains unresolved and raises review priority to Medium.",False,False,dcf8bd0c57eedb12d08927bf9c7cb66fbf30310394e4fbf01fea27b414e85a8f
cuad_train_0329,contract_0329,train,329,train,context_0e89d2a09e,TRANSMONTAIGNEPARTNERSLLC_03_13_2020-EX-10.9-SERVICES AGREEMENT,services,high,high,3,high,3,weak_rule_rollup,buyer_risk_rollup,"[""cuad_train_0329:cap_on_liability""]","[""liability_allocation""]",[],At least one distinct issue family contains a High finding.,False,False,0351a656e287a75d220da655a5ffff90f9cafdf47292478177e2ea7c1662d4fb
cuad_train_0330,contract_0330,train,330,train,context_cd2497fe3a,"COOLTECHNOLOGIES,INC_10_25_2017-EX-10.71-Strategic Alliance Agreement",collaboration,high,high,3,high,3,weak_rule_rollup,buyer_risk_rollup,"[""cuad_train_0330:cap_on_liability""]","[""liability_allocation""]",[],At least one distinct issue family contains a High finding.,False,False,8ce577d01af57dfe32146885a2f834334726b627dc451095d10edf92f040dd12
cuad_train_0331,contract_0331,train,331,train,context_57206ab7b9,ALLIANCEBANCORPINCOFPENNSYLVANIA_10_18_2006-EX-1.2-AGENCY AGREEMENT,unknown,low,low,1,medium,2,weak_rule_rollup,buyer_risk_rollup,"[""cuad_train_0331:cap_on_liability"", ""cuad_train_0331:license_grant"", ""cuad_train_0331:revenue_profit_sharing"", ""cuad_train_0331:termination_for_convenience""]","[""commercial_economics"", ""intellectual_property"", ""liability_allocation"", ""term_and_exit""]","[""cap_on_liability"", ""license_grant"", ""revenue_profit_sharing"", ""termination_for_convenience""]","No explicit finding exceeds Low severity, but a material issue remains unresolved and raises review priority to Medium.",False,False,d22c5d084ff7502d7c26a83a243846a710547c26b117ec82d3a0ec60f2f896c7
cuad_train_0332,contract_0332,train,332,train,context_894e4eafe3,XpresspaGroupInc_20190401_10-K_EX-10.28_11599457_EX-10.28_Marketing Agreement,marketing,high,medium,2,medium,2,weak_rule_rollup,buyer_risk_rollup,"[""cuad_train_0332:renewal_term""]","[""term_and_exit""]","[""audit_rights"", ""exclusivity"", ""license_grant"", ""termination_for_convenience""]",At least one distinct issue family contains a Medium finding.,False,False,92fd854aaedfc9d3cd2b414eedeb115e929352e7f04b12c96066a26043466ddf
cuad_train_0333,contract_0333,train,333,train,context_882ff5c0d2,BellringBrandsInc_20190920_S-1_EX-10.12_11817081_EX-10.12_Manufacturing Agreement2,unknown,low,medium,2,medium,2,weak_rule_rollup,buyer_risk_rollup,"[""cuad_train_0333:governing_law""]","[""dispute_resolution""]","[""cap_on_liability"", ""license_grant"", ""termination_for_convenience""]",At least one distinct issue family contains a Medium finding.,False,False,f7c0f6916366509e9e27a7e89ff4658bf08533469d01b633a9ecb903eb856e0b
cuad_train_0334,contract_0334,train,334,validation,context_28edf69e75,IdeanomicsInc_20160330_10-K_EX-10.26_9512211_EX-10.26_Content License Agreement,license,high,medium,2,medium,2,weak_rule_rollup,buyer_risk_rollup,"[""cuad_train_0334:anti_assignment"", ""cuad_train_0334:license_grant"", ""cuad_train_0334:termination_for_convenience"", ""cuad_train_0334:uncapped_liability""]","[""corporate_flexibility"", ""intellectual_property"", ""liability_allocation"", ""term_and_exit""]","[""audit_rights"", ""revenue_profit_sharing""]",At least one distinct issue family contains a Medium finding.,False,False,709a7a9cfe66a11f2b9ef2e18ea813e3fba4bd9a8ceb3816f0fbaf9664066e97
cuad_train_0335,contract_0335,train,335,train,context_7cbda51104,BIOAMBERINC_04_10_2013-EX-10.34-DEVELOPMENT AGREEMENT (1),unknown,low,medium,2,medium,2,weak_rule_rollup,buyer_risk_rollup,"[""cuad_train_0335:license_grant""]","[""intellectual_property""]","[""audit_rights"", ""cap_on_liability"", ""license_grant"", ""termination_for_convenience""]",At least one distinct issue family contains a Medium finding.,False,False,65b642a2a325f2b974d30da010140e775df5226de003f971dfc32ac30b522915
cuad_train_0336,contract_0336,train,336,validation,context_6e3bce4455,PrudentialBancorpInc_20170606_8-K_EX-10.4_10474434_EX-10.4_Endorsement Agreement,marketing,high,medium,2,medium,2,weak_rule_rollup,buyer_risk_rollup,"[""cuad_train_0336:termination_for_convenience""]","[""term_and_exit""]","[""cap_on_liability"", ""license_grant""]",At least one distinct issue family contains a Medium finding.,False,False,fbd91f8673f9f240dbc62ccfe0665bec3490abb191df5cff64061b4c00ac71f3
cuad_train_0337,contract_0337,train,337,train,context_b766a7593a,"BERKELEYLIGHTS,INC_06_26_2020-EX-10.12-COLLABORATION AGREEMENT",collaboration,high,medium,2,medium,2,weak_rule_rollup,buyer_risk_rollup,"[""cuad_train_0337:termination_for_convenience""]","[""term_and_exit""]","[""audit_rights"", ""cap_on_liability"", ""license_grant"", ""renewal_term"", ""revenue_profit_sharing"", ""termination_for_convenience"", ""uncapped_liability""]",At least one distinct issue family contains a Medium finding.,False,False,cdd87a59c56a0bdbef6d4fa88a739471be81d90fec6a92327698a7f359a8302d
cuad_train_0338,contract_0338,train,338,train,context_9409d05361,UnionDentalHoldingsInc_20050204_8-KA_EX-10_3345577_EX-10_Affiliate Agreement,unknown,low,medium,2,medium,2,weak_rule_rollup,buyer_risk_rollup,"[""cuad_train_0338:governing_law""]","[""dispute_resolution""]","[""audit_rights"", ""cap_on_liability"", ""license_grant"", ""termination_for_convenience""]",At least one distinct issue family contains a Medium finding.,False,False,552913b336a816ccd16a4acfdef63791d383dc26b7483b856cc717bf6e7d9cd1
cuad_train_0339,contract_0339,train,339,train,context_f2b053be81,WOMENSGOLFUNLIMITEDINC_03_29_2000-EX-10.13-ENDORSEMENT AGREEMENT - Intellectual Property Rights                 Confidentiality and Non-Use Obligations Agreement,confidentiality,high,medium,2,medium,2,weak_rule_rollup,buyer_risk_rollup,"[""cuad_train_0339:governing_law""]","[""dispute_resolution""]","[""cap_on_liability"", ""license_grant"", ""termination_for_convenience""]",At least one distinct issue family contains a Medium finding.,False,False,326b491f5f1079ba35a2f03ae6a9dd9c009668e7e2a8156dedf3bbaf553b1d34
cuad_train_0340,contract_0340,train,340,train,context_108021f289,SPHERE3DCORP_06_24_2020-EX-10.12-CONSULTING AGREEMENT,services,high,high,3,high,3,weak_rule_rollup,buyer_risk_rollup,"[""cuad_train_0340:cap_on_liability""]","[""liability_allocation""]","[""renewal_term""]",At least one distinct issue family contains a High finding.,False,False,4fcfd8db0d74abd10832ecbc5658a6a3b30e5a16a1220a462394ac9eb43b3268
cuad_train_0341,contract_0341,train,341,train,context_420fcf757d,ENTERPRISEPRODUCTSPARTNERSLP_07_08_1998-EX-10.3-TRANSPORTATION CONTRACT,unknown,low,medium,2,medium,2,weak_rule_rollup,buyer_risk_rollup,"[""cuad_train_0341:cap_on_liability"", ""cuad_train_0341:termination_for_convenience""]","[""liability_allocation"", ""term_and_exit""]","[""cap_on_liability"", ""license_grant""]",At least one distinct issue family contains a Medium finding.,False,False,f977f905f4d6e967aba6af3d7f2f1cb52f8e8d0ff505560962f90a6a1b8587dc
cuad_train_0342,contract_0342,train,342,train,context_41d3412f9a,HerImports_20161018_8-KA_EX-10.14_9765707_EX-10.14_Maintenance Agreement,unknown,low,low,1,medium,2,weak_rule_rollup,buyer_risk_rollup,"[""cuad_train_0342:cap_on_liability"", ""cuad_train_0342:license_grant"", ""cuad_train_0342:termination_for_convenience""]","[""intellectual_property"", ""liability_allocation"", ""term_and_exit""]","[""cap_on_liability"", ""license_grant"", ""termination_for_convenience""]","No explicit finding exceeds Low severity, but a material issue remains unresolved and raises review priority to Medium.",False,False,58a3602dd88ac590b470ca3fa7942fd838e1445c9d1e71a86a9ea3e00a33b83e
cuad_train_0343,contract_0343,train,343,train,context_4cb31a4b98,PROLONGINTERNATIONALCORP_03_23_1998-EX-10.16-SPONSORSHIP AGREEMENT,marketing,high,medium,2,medium,2,weak_rule_rollup,buyer_risk_rollup,"[""cuad_train_0343:anti_assignment""]","[""corporate_flexibility""]","[""cap_on_liability"", ""exclusivity"", ""license_grant"", ""termination_for_convenience""]",At least one distinct issue family contains a Medium finding.,False,False,915146be0c3ac1490c0b7ab4a1505301666596e627da0799887a9cfe35a024e3
cuad_train_0344,contract_0344,train,344,train,context_8f0943001d,DYNTEKINC_07_30_1999-EX-10-ONLINE HOSTING AGREEMENT,unknown,low,low,1,medium,2,weak_rule_rollup,buyer_risk_rollup,"[""cuad_train_0344:audit_rights"", ""cuad_train_0344:cap_on_liability"", ""cuad_train_0344:license_grant"", ""cuad_train_0344:termination_for_convenience""]","[""commercial_economics"", ""intellectual_property"", ""liability_allocation"", ""term_and_exit""]","[""audit_rights"", ""cap_on_liability"", ""license_grant"", ""termination_for_convenience""]","No explicit finding exceeds Low severity, but a material issue remains unresolved and raises review priority to Medium.",False,False,75cb8dce69c94723ec13f9414fc50d7712a20574ea077674d359447edb709a14
cuad_train_0345,contract_0345,train,345,train,context_e0a3a8f002,ALAMOGORDOFINANCIALCORP_12_16_1999-EX-1-AGENCY AGREEMENT,unknown,low,medium,2,medium,2,weak_rule_rollup,buyer_risk_rollup,"[""cuad_train_0345:cap_on_liability""]","[""liability_allocation""]","[""license_grant"", ""revenue_profit_sharing"", ""termination_for_convenience""]",At least one distinct issue family contains a Medium finding.,False,False,3c70a981a2107097efddcf6fdba26d5d4b3d7eb458d826a10002d5dcc767fad7
cuad_train_0346,contract_0346,train,346,train,context_a742a78fb8,StampscomInc_20001114_10-Q_EX-10.47_2631630_EX-10.47_Co-Branding Agreement,unknown,low,medium,2,medium,2,weak_rule_rollup,buyer_risk_rollup,"[""cuad_train_0346:audit_rights"", ""cuad_train_0346:cap_on_liability""]","[""commercial_economics"", ""liability_allocation""]","[""audit_rights"", ""cap_on_liability"", ""exclusivity"", ""license_grant"", ""revenue_profit_sharing"", ""termination_for_convenience""]",At least one distinct issue family contains a Medium finding.,False,False,0fec47f78bf4f1f6a230d495bbb23c91106f96cbb2d53f556c0d7ada09c850fc
cuad_train_0347,contract_0347,train,347,train,context_10d4bf8b71,InvendaCorp_20000828_S-1A_EX-10.2_2588206_EX-10.2_Co-Branding Agreement,unknown,low,medium,2,medium,2,weak_rule_rollup,buyer_risk_rollup,"[""cuad_train_0347:audit_rights"", ""cuad_train_0347:uncapped_liability""]","[""commercial_economics"", ""liability_allocation""]","[""revenue_profit_sharing"", ""termination_for_convenience""]",At least one distinct issue family contains a Medium finding.,False,False,4db68fb78e12cf32dc661bfdbd17b177783b3af2570f0341efaae1bff0122e3e
cuad_train_0348,contract_0348,train,348,train,context_3f3caef2eb,WebmdHealthCorp_20050908_S-1A_EX-10.7_1027007_EX-10.7_Content License Agreement,license,high,medium,2,medium,2,weak_rule_rollup,buyer_risk_rollup,"[""cuad_train_0348:cap_on_liability"", ""cuad_train_0348:license_grant"", ""cuad_train_0348:termination_for_convenience""]","[""intellectual_property"", ""liability_allocation"", ""term_and_exit""]",[],At least one distinct issue family contains a Medium finding.,False,False,88644a8e3238de6ed500bae045cdbd4ffc204ee2fa827d3859f56610d2031822
cuad_train_0349,contract_0349,train,349,train,context_44b5edd75e,SANDRIDGEENERGYINC_08_06_2009-EX-10.6-OPERATIONS AND MAINTENANCE AGREEMENT,unknown,low,medium,2,medium,2,weak_rule_rollup,buyer_risk_rollup,"[""cuad_train_0349:anti_assignment"", ""cuad_train_0349:audit_rights"", ""cuad_train_0349:termination_for_convenience""]","[""commercial_economics"", ""corporate_flexibility"", ""term_and_exit""]","[""audit_rights"", ""cap_on_liability"", ""license_grant""]",At least one distinct issue family contains a Medium finding.,False,False,264aba6daf987e09c103aef01f08d38a75cac25738a949a26a6d3fad1ed148c7
cuad_train_0350,contract_0350,train,350,validation,context_e5a21173f7,ON4COMMUNICATIONSINC_07_02_2009-EX-10.1-PROMOTION AGREEMENT,unknown,low,medium,2,medium,2,weak_rule_rollup,buyer_risk_rollup,"[""cuad_train_0350:anti_assignment"", ""cuad_train_0350:governing_law""]","[""corporate_flexibility"", ""dispute_resolution""]","[""cap_on_liability"", ""exclusivity"", ""license_grant"", ""termination_for_convenience""]",At least one distinct issue family contains a Medium finding.,False,False,50407bd2ecffca3bec8f81d066233d44f93eae4054b371ccdadae6a7cc8d2cd0
cuad_train_0351,contract_0351,train,351,train,context_9792ea44b9,GluMobileInc_20070319_S-1A_EX-10.09_436630_EX-10.09_Content License Agreement1,license,high,medium,2,medium,2,weak_rule_rollup,buyer_risk_rollup,"[""cuad_train_0351:exclusivity"", ""cuad_train_0351:license_grant"", ""cuad_train_0351:revenue_profit_sharing"", ""cuad_train_0351:termination_for_convenience""]","[""commercial_economics"", ""commercial_restrictions"", ""intellectual_property"", ""term_and_exit""]","[""cap_on_liability"", ""exclusivity"", ""license_grant""]",At least one distinct issue family contains a Medium finding.,False,False,ed6d0e01ab253bf488839d449bc4a98ad1c1d99b0f098c7d09e86b040b24a2ab
cuad_train_0352,contract_0352,train,352,train,context_caa4e3ea9d,BANUESTRAFINANCIALCORP_09_08_2006-EX-10.16-AGENCY AGREEMENT,unknown,low,low,1,medium,2,weak_rule_rollup,buyer_risk_rollup,"[""cuad_train_0352:cap_on_liability"", ""cuad_train_0352:license_grant"", ""cuad_train_0352:revenue_profit_sharing"", ""cuad_train_0352:termination_for_convenience""]","[""commercial_economics"", ""intellectual_property"", ""liability_allocation"", ""term_and_exit""]","[""cap_on_liability"", ""license_grant"", ""revenue_profit_sharing"", ""termination_for_convenience""]","No explicit finding exceeds Low severity, but a material issue remains unresolved and raises review priority to Medium.",False,False,8a409e55f61a647c258e02748912d68112b3a13fce72f17a060135157c73cd9c
cuad_train_0353,contract_0353,train,353,train,context_29819441a0,ArtaraTherapeuticsInc_20200110_8-K_EX-10.5_11943350_EX-10.5_License Agreement,license,high,medium,2,medium,2,weak_rule_rollup,buyer_risk_rollup,"[""cuad_train_0353:anti_assignment""]","[""corporate_flexibility""]",[],At least one distinct issue family contains a Medium finding.,False,False,aa63496b5011130a8704272a732ce09d5ccea0103437b90a5cf4caa05fed3039
cuad_train_0354,contract_0354,train,354,train,context_1a06bf631d,NlsPharmaceuticsLtd_20200228_F-1_EX-10.14_12029046_EX-10.14_Development Agreement,unknown,low,high,3,high,3,weak_rule_rollup,buyer_risk_rollup,"[""cuad_train_0354:license_grant""]","[""intellectual_property""]","[""audit_rights"", ""license_grant"", ""termination_for_convenience""]",At least one distinct issue family contains a High finding.,False,False,7e79ea54ff155d02ae52f6e2cc9e2035a46b809f96e77885d99e1ab78c38f217
cuad_train_0355,contract_0355,train,355,train,context_3391ac9d57,"VIRTUALSCOPICS,INC_11_12_2010-EX-10.1-STRATEGIC ALLIANCE AGREEMENT",collaboration,high,low,1,medium,2,weak_rule_rollup,buyer_risk_rollup,"[""cuad_train_0355:audit_rights"", ""cuad_train_0355:exclusivity""]","[""commercial_economics"", ""commercial_restrictions""]","[""audit_rights"", ""exclusivity""]","No explicit finding exceeds Low severity, but a material issue remains unresolved and raises review priority to Medium.",False,False,a9ccfbb7f803224e5c58009f8fd32250cd2cb2502551cea8f6adfb5be1e69309
cuad_train_0356,contract_0356,train,356,train,context_d73a1a20b5,BellringBrandsInc_20190920_S-1_EX-10.12_11817081_EX-10.12_Manufacturing Agreement1,unknown,low,low,1,medium,2,weak_rule_rollup,buyer_risk_rollup,"[""cuad_train_0356:audit_rights"", ""cuad_train_0356:cap_on_liability"", ""cuad_train_0356:license_grant"", ""cuad_train_0356:termination_for_convenience""]","[""commercial_economics"", ""intellectual_property"", ""liability_allocation"", ""term_and_exit""]","[""audit_rights"", ""cap_on_liability"", ""license_grant"", ""termination_for_convenience""]","No explicit finding exceeds Low severity, but a material issue remains unresolved and raises review priority to Medium.",False,False,282c8f55337dd7866bdbad178bcefe679017c2be4e1ae80a37fef98acf995e44
cuad_train_0357,contract_0357,train,357,train,context_96595f32da,BLUEFLYINC_03_27_2002-EX-10.27-e-business Hosting Agreement,unknown,low,medium,2,medium,2,weak_rule_rollup,buyer_risk_rollup,"[""cuad_train_0357:anti_assignment"", ""cuad_train_0357:license_grant"", ""cuad_train_0357:termination_for_convenience"", ""cuad_train_0357:uncapped_liability""]","[""corporate_flexibility"", ""intellectual_property"", ""liability_allocation"", ""term_and_exit""]","[""cap_on_liability"", ""license_grant""]",At least one distinct issue family contains a Medium finding.,False,False,1e6bf0ff8fcb0744a42746de9f45fdda9cfa23a176c48d54e5000ee040f4316a
cuad_train_0358,contract_0358,train,358,train,context_a554750a78,ASIANDRAGONGROUPINC_08_11_2005-EX-10.5-Reseller Agreement,distribution,high,medium,2,medium,2,weak_rule_rollup,buyer_risk_rollup,"[""cuad_train_0358:governing_law"", ""cuad_train_0358:termination_for_convenience""]","[""dispute_resolution"", ""term_and_exit""]",[],At least one distinct issue family contains a Medium finding.,False,False,16bb9d1715c4e0e41dd3f47b5eff2630d3848065dd31573dc4fbe77b7415dbdd
cuad_train_0359,contract_0359,train,359,train,context_906704aa72,MANUFACTURERSSERVICESLTD_06_05_2000-EX-10.14-OUTSOURCING AGREEMENT,services,high,medium,2,medium,2,weak_rule_rollup,buyer_risk_rollup,"[""cuad_train_0359:anti_assignment"", ""cuad_train_0359:cap_on_liability""]","[""corporate_flexibility"", ""liability_allocation""]","[""audit_rights"", ""cap_on_liability"", ""termination_for_convenience""]",At least one distinct issue family contains a Medium finding.,False,False,5cc2cbafdfe4b089bce0b1084cd4997a37f9a23b7c6307fec93a1777015fb690
cuad_train_0360,contract_0360,train,360,train,context_90cca6bf78,LiquidmetalTechnologiesInc_20200205_8-K_EX-10.1_11968198_EX-10.1_Development Agreement,unknown,low,medium,2,medium,2,weak_rule_rollup,buyer_risk_rollup,"[""cuad_train_0360:anti_assignment"", ""cuad_train_0360:license_grant"", ""cuad_train_0360:revenue_profit_sharing""]","[""commercial_economics"", ""corporate_flexibility"", ""intellectual_property""]","[""audit_rights"", ""license_grant""]",At least one distinct issue family contains a Medium finding.,False,False,4d133de7f434c2a615f0157c06df8785a82d98ca02aab46804b130131ec5efd7
cuad_train_0361,contract_0361,train,361,train,context_258e4f0fc4,PlayboyEnterprisesInc_20090220_10-QA_EX-10.2_4091580_EX-10.2_Content License Agreement_ Marketing Agreement_ Sales-Purchase Agreement2,license,high,high,3,high,3,weak_rule_rollup,buyer_risk_rollup,"[""cuad_train_0361:cap_on_liability""]","[""liability_allocation""]",[],At least one distinct issue family contains a High finding.,False,False,ccf10e1bed833697efe7893f85d96df2676b18d49671b9bf2465de2388862247
cuad_train_0362,contract_0362,train,362,train,context_c481ebf4c3,ZtoExpressCaymanInc_20160930_F-1_EX-10.10_9752871_EX-10.10_Transportation Agreement,unknown,low,medium,2,medium,2,weak_rule_rollup,buyer_risk_rollup,"[""cuad_train_0362:governing_law""]","[""dispute_resolution""]","[""cap_on_liability"", ""license_grant"", ""termination_for_convenience""]",At least one distinct issue family contains a Medium finding.,False,False,b18c00b398935e7fa82c85f6d21ca06e5db562d29032caa64b901bc74acd6256
cuad_train_0363,contract_0363,train,363,validation,context_e2cfea3660,2ThemartComInc_19990826_10-12G_EX-10.10_6700288_EX-10.10_Co-Branding Agreement_ Agency Agreement,unknown,low,medium,2,medium,2,weak_rule_rollup,buyer_risk_rollup,"[""cuad_train_0363:audit_rights"", ""cuad_train_0363:renewal_term"", ""cuad_train_0363:uncapped_liability""]","[""commercial_economics"", ""liability_allocation"", ""term_and_exit""]","[""revenue_profit_sharing"", ""termination_for_convenience""]",At least one distinct issue family contains a Medium finding.,False,False,6cdfab95eb5b30c0d2d4860c8204b96b36a54cb9e2025c5ceb1457d223afac41
cuad_train_0364,contract_0364,train,364,train,context_af43c9fd27,MOELIS_CO_03_24_2014-EX-10.19-STRATEGIC ALLIANCE AGREEMENT,collaboration,high,medium,2,medium,2,weak_rule_rollup,buyer_risk_rollup,"[""cuad_train_0364:anti_assignment"", ""cuad_train_0364:cap_on_liability"", ""cuad_train_0364:renewal_term""]","[""corporate_flexibility"", ""liability_allocation"", ""term_and_exit""]","[""audit_rights"", ""cap_on_liability"", ""revenue_profit_sharing""]",At least one distinct issue family contains a Medium finding.,False,False,64370af7f18a571fc8f2ce6df7ba2d95aa17466d19db2fa44eebe03f9ea15bce
cuad_train_0365,contract_0365,train,365,train,context_eb43e3bb71,XYBERNAUTCORP_07_12_2002-EX-4-SPONSORSHIP AGREEMENT,marketing,high,medium,2,medium,2,weak_rule_rollup,buyer_risk_rollup,"[""cuad_train_0365:anti_assignment"", ""cuad_train_0365:cap_on_liability"", ""cuad_train_0365:exclusivity""]","[""commercial_restrictions"", ""corporate_flexibility"", ""liability_allocation""]","[""termination_for_convenience""]",At least one distinct issue family contains a Medium finding.,False,False,40b817ce4ffa7162f5f8c2ebe5d0149cea8b76b5bd8482ca3a27c73a8bf68d4c
cuad_train_0366,contract_0366,train,366,validation,context_b470b1bf39,"CARDAX,INC_08_19_2014-EX-10.1-COLLABORATION AGREEMENT",collaboration,high,medium,2,medium,2,weak_rule_rollup,buyer_risk_rollup,"[""cuad_train_0366:license_grant"", ""cuad_train_0366:termination_for_convenience"", ""cuad_train_0366:uncapped_liability""]","[""intellectual_property"", ""liability_allocation"", ""term_and_exit""]","[""license_grant"", ""revenue_profit_sharing""]",At least one distinct issue family contains a Medium finding.,False,False,fadc3c32a70d9d22999c3358d236b654dd60a147fba18704b9666ef7c9e9ee3e
cuad_train_0367,contract_0367,train,367,train,context_53548263f0,"MACY_S,INC_05_11_2020-EX-99.4-JOINT FILING AGREEMENT",unknown,low,medium,2,medium,2,weak_rule_rollup,buyer_risk_rollup,"[""cuad_train_0367:governing_law""]","[""dispute_resolution""]","[""cap_on_liability"", ""license_grant"", ""termination_for_convenience""]",At least one distinct issue family contains a Medium finding.,False,False,2f1e7f7eb2aa0ee0d2de4976b8ceccccf618e24a4ea57bb8f75dd33c96477dac
cuad_train_0368,contract_0368,train,368,train,context_573d7e5b39,TALCOTTRESOLUTIONLIFEINSURANCECO-SEPARATEACCOUNTTWELVE_04_30_2020-EX-99.8(L)-SERVICE AGREEMENT,services,high,medium,2,medium,2,weak_rule_rollup,buyer_risk_rollup,"[""cuad_train_0368:anti_assignment"", ""cuad_train_0368:termination_for_convenience""]","[""corporate_flexibility"", ""term_and_exit""]","[""audit_rights""]",At least one distinct issue family contains a Medium finding.,False,False,058d89037c36c9dc486680c17a129f00339d791f21f5b7e49ea60517673e8ae9
cuad_train_0369,contract_0369,train,369,train,context_d18c1b5362,ArmstrongFlooringInc_20190107_8-K_EX-10.2_11471795_EX-10.2_Intellectual Property Agreement,unknown,low,medium,2,medium,2,weak_rule_rollup,buyer_risk_rollup,"[""cuad_train_0369:license_grant""]","[""intellectual_property""]","[""cap_on_liability"", ""termination_for_convenience""]",At least one distinct issue family contains a Medium finding.,False,False,4311463a9da996c008b3c16e323d32c517ed1b785f283a30ee1aceccacf90558
cuad_train_0370,contract_0370,train,370,train,context_09de10f114,PFSFUNDS_06_26_2020-EX-99.H OTH MAT CONT-SERVICES AGREEMENT,services,high,medium,2,medium,2,weak_rule_rollup,buyer_risk_rollup,"[""cuad_train_0370:audit_rights""]","[""commercial_economics""]","[""cap_on_liability""]",At least one distinct issue family contains a Medium finding.,False,False,5e5547691fe99cd023da22a15b906d7c5d506a416da4902a653efea4900170e4
cuad_train_0371,contract_0371,train,371,train,context_6c4c63ed37,WaterNowInc_20191120_10-Q_EX-10.12_11900227_EX-10.12_Distributor Agreement,distribution,high,medium,2,medium,2,weak_rule_rollup,buyer_risk_rollup,"[""cuad_train_0371:exclusivity"", ""cuad_train_0371:termination_for_convenience""]","[""commercial_restrictions"", ""term_and_exit""]","[""audit_rights""]",At least one distinct issue family contains a Medium finding.,False,False,266cfed204be27d671b6ab02ded4106b6c854747a3c46604f4d10614b20fcc06
cuad_train_0372,contract_0372,train,372,train,context_5d777c158b,MTITECHNOLOGYCORP_11_16_2004-EX-10.102-Reseller Agreement Premier Addendum,distribution,high,medium,2,medium,2,weak_rule_rollup,buyer_risk_rollup,"[""cuad_train_0372:renewal_term"", ""cuad_train_0372:uncapped_liability""]","[""liability_allocation"", ""term_and_exit""]",[],At least one distinct issue family contains a Medium finding.,False,False,b13612159cc7a207a7669ee6f3fa52835dad6ee72ed9f3c63166a72a4fff884e
cuad_train_0373,contract_0373,train,373,validation,context_48054d16ed,SCOUTCAMINC_05_12_2020-EX-10.22-SERVICES AGREEMENT,services,high,high,3,high,3,weak_rule_rollup,buyer_risk_rollup,"[""cuad_train_0373:cap_on_liability""]","[""liability_allocation""]",[],At least one distinct issue family contains a High finding.,False,False,1b5779a8d78732df0ef5604e6d5ea62fef8fab11a25d1945cf9469dc3c6d3f44
cuad_train_0374,contract_0374,train,374,train,context_3933acb7e1,PharmagenInc_20120803_8-KA_EX-10.1_7693204_EX-10.1_Endorsement Agreement,marketing,high,medium,2,medium,2,weak_rule_rollup,buyer_risk_rollup,"[""cuad_train_0374:anti_assignment""]","[""corporate_flexibility""]","[""cap_on_liability"", ""exclusivity"", ""governing_law"", ""license_grant"", ""termination_for_convenience""]",At least one distinct issue family contains a Medium finding.,False,False,3dab8b717431455fd4ae11ed9b169b2e95336b28702a66c8044d6646771871f1
cuad_train_0375,contract_0375,train,375,train,context_af85b6119a,DRKOOPCOMINC_04_21_1999-EX-10.28-SPONSORSHIP AGREEMENT,marketing,high,medium,2,medium,2,weak_rule_rollup,buyer_risk_rollup,"[""cuad_train_0375:exclusivity""]","[""commercial_restrictions""]","[""termination_for_convenience"", ""uncapped_liability""]",At least one distinct issue family contains a Medium finding.,False,False,7bf1cc08ff20ba49840c64de72e9ce643050b5fbc7f0486562da6539a7e1d66b
cuad_train_0376,contract_0376,train,376,train,context_04ebe8271f,"VNUE,INC_07_10_2015-EX-10.1-SPONSORSHIP AGREEMENT",marketing,high,medium,2,medium,2,weak_rule_rollup,buyer_risk_rollup,"[""cuad_train_0376:license_grant"", ""cuad_train_0376:uncapped_liability""]","[""intellectual_property"", ""liability_allocation""]","[""cap_on_liability"", ""termination_for_convenience""]",At least one distinct issue family contains a Medium finding.,False,False,e3ce39469d5b67b169af1e3b0164b3457fdbf324855320d8cc5637f9f432a5d1
cuad_train_0377,contract_0377,train,377,train,context_ee4a368f50,LegacyEducationAllianceInc_20141110_8-K_EX-10.9_8828866_EX-10.9_Endorsement Agreement,marketing,high,medium,2,medium,2,weak_rule_rollup,buyer_risk_rollup,"[""cuad_train_0377:governing_law""]","[""dispute_resolution""]","[""audit_rights"", ""cap_on_liability"", ""renewal_term"", ""revenue_profit_sharing"", ""termination_for_convenience""]",At least one distinct issue family contains a Medium finding.,False,False,58078cc191465e413069fc8ab1a717e56e50e10ca476f5f79f734d0638943280
cuad_train_0378,contract_0378,train,378,train,context_a14ac09e8a,PcquoteComInc_19990721_S-1A_EX-10.11_6377149_EX-10.11_Co-Branding Agreement3,unknown,low,medium,2,medium,2,weak_rule_rollup,buyer_risk_rollup,"[""cuad_train_0378:governing_law""]","[""dispute_resolution""]","[""cap_on_liability"", ""license_grant"", ""termination_for_convenience""]",At least one distinct issue family contains a Medium finding.,False,False,6485dbaee5e11df2f5a7e8809acad1410c2ac2b535da0d4359f2ab0cb33a9180
cuad_train_0379,contract_0379,train,379,train,context_b4bb256ff7,GluMobileInc_20070319_S-1A_EX-10.09_436630_EX-10.09_Content License Agreement4,license,high,high,3,high,3,weak_rule_rollup,buyer_risk_rollup,"[""cuad_train_0379:cap_on_liability""]","[""liability_allocation""]",[],At least one distinct issue family contains a High finding.,False,False,b5dc6d1ea4c6ac711270a5b019707577e67579deb69b5bc6f6507b33a096987c
cuad_train_0380,contract_0380,train,380,validation,context_0908282aac,"OPTIMIZEDTRANSPORTATIONMANAGEMENT,INC_07_26_2000-EX-6.6-DISTRIBUTOR AGREEMENT",distribution,high,high,3,high,3,weak_rule_rollup,buyer_risk_rollup,"[""cuad_train_0380:cap_on_liability""]","[""liability_allocation""]",[],At least one distinct issue family contains a High finding.,False,False,429171f2a7d1169131390ecfe3db7e1ab8e4b208374858e898f470a64b69a990
cuad_train_0381,contract_0381,train,381,train,context_c832dacd52,IMAGEWARESYSTEMSINC_12_20_1999-EX-10.22-MAINTENANCE AGREEMENT,unknown,low,medium,2,medium,2,weak_rule_rollup,buyer_risk_rollup,"[""cuad_train_0381:anti_assignment"", ""cuad_train_0381:governing_law""]","[""corporate_flexibility"", ""dispute_resolution""]","[""license_grant"", ""termination_for_convenience""]",At least one distinct issue family contains a Medium finding.,False,False,a3434e0b2e5eb0f8d1548c6d7ba40a4f7f46d26f6f7381dbb8831bb929226444
cuad_train_0382,contract_0382,train,382,train,context_4ecb415c52,NakedBrandGroupInc_20150731_POS AM (on S-1)_EX-10.75_9196027_EX-10.75_Endorsement Agreement,marketing,high,medium,2,medium,2,weak_rule_rollup,buyer_risk_rollup,"[""cuad_train_0382:anti_assignment"", ""cuad_train_0382:audit_rights"", ""cuad_train_0382:license_grant""]","[""commercial_economics"", ""corporate_flexibility"", ""intellectual_property""]","[""cap_on_liability"", ""license_grant"", ""revenue_profit_sharing"", ""termination_for_convenience""]",At least one distinct issue family contains a Medium finding.,False,False,1510ddf504647e19470bab2f0046771166aed262af311bd99e5b6809b49ec15d
cuad_train_0383,contract_0383,train,383,train,context_3a3190e9aa,ZONDWINDSYSTEMPARTNERSLTDSERIES85-B_04_03_2006-EX-10-MANAGEMENT AND MAINTENANCE AGREEMENT,unknown,low,medium,2,medium,2,weak_rule_rollup,buyer_risk_rollup,"[""cuad_train_0383:governing_law""]","[""dispute_resolution""]","[""cap_on_liability"", ""license_grant"", ""termination_for_convenience""]",At least one distinct issue family contains a Medium finding.,False,False,c94676ada8fc7266325de382be5a9344950f52e6ae5eef5f9cdc8cbb49a6dbae
cuad_train_0384,contract_0384,train,384,validation,context_9e181df636,IbioInc_20200313_8-K_EX-10.1_12052678_EX-10.1_Development Agreement,unknown,low,medium,2,medium,2,weak_rule_rollup,buyer_risk_rollup,"[""cuad_train_0384:uncapped_liability""]","[""liability_allocation""]","[""termination_for_convenience""]",At least one distinct issue family contains a Medium finding.,False,False,fe6a77cfa033b97cb63de02c84a7c8c3b6a7f7f49291c0490f0ba393e771cf0e
cuad_train_0385,contract_0385,train,385,train,context_7bd6b07459,BellringBrandsInc_20190920_S-1_EX-10.12_11817081_EX-10.12_Manufacturing Agreement4,unknown,low,medium,2,medium,2,weak_rule_rollup,buyer_risk_rollup,"[""cuad_train_0385:governing_law""]","[""dispute_resolution""]","[""cap_on_liability"", ""license_grant"", ""termination_for_convenience""]",At least one distinct issue family contains a Medium finding.,False,False,2f5c0ad9164da9c7acb685fe4b1a2a5e0c141ca97ca8daacd3dfd25832e2ecf4
cuad_train_0386,contract_0386,train,386,validation,context_ede67ee0cf,ParatekPharmaceuticalsInc_20170505_10-KA_EX-10.29_10323872_EX-10.29_Outsourcing Agreement,services,high,medium,2,medium,2,weak_rule_rollup,buyer_risk_rollup,"[""cuad_train_0386:anti_assignment"", ""cuad_train_0386:governing_law"", ""cuad_train_0386:license_grant"", ""cuad_train_0386:renewal_term"", ""cuad_train_0386:uncapped_liability""]","[""corporate_flexibility"", ""dispute_resolution"", ""intellectual_property"", ""liability_allocation"", ""term_and_exit""]","[""audit_rights"", ""uncapped_liability""]",At least one distinct issue family contains a Medium finding.,False,False,dcd5345df0e45ae2954d2601ceacb0eec003128ec081ff4a8888ad9025f449d3
cuad_train_0387,contract_0387,train,387,train,context_91ce7d9a1b,JOINTCORP_09_19_2014-EX-10.15-FRANCHISE AGREEMENT,franchise,high,medium,2,medium,2,weak_rule_rollup,buyer_risk_rollup,"[""cuad_train_0387:anti_assignment"", ""cuad_train_0387:audit_rights"", ""cuad_train_0387:license_grant"", ""cuad_train_0387:renewal_term"", ""cuad_train_0387:uncapped_liability""]","[""commercial_economics"", ""corporate_flexibility"", ""intellectual_property"", ""liability_allocation"", ""term_and_exit""]","[""exclusivity"", ""license_grant"", ""revenue_profit_sharing""]",At least one distinct issue family contains a Medium finding.,False,False,250123d9cb2426399badfbd57756dbf60be73d152c5a510a0ef00541cf623904
cuad_train_0388,contract_0388,train,388,validation,context_8cbbf871bb,VnueInc_20150914_8-K_EX-10.1_9259571_EX-10.1_Promotion Agreement,unknown,low,low,1,medium,2,weak_rule_rollup,buyer_risk_rollup,"[""cuad_train_0388:cap_on_liability"", ""cuad_train_0388:license_grant"", ""cuad_train_0388:revenue_profit_sharing"", ""cuad_train_0388:termination_for_convenience""]","[""commercial_economics"", ""intellectual_property"", ""liability_allocation"", ""term_and_exit""]","[""cap_on_liability"", ""license_grant"", ""revenue_profit_sharing"", ""termination_for_convenience""]","No explicit finding exceeds Low severity, but a material issue remains unresolved and raises review priority to Medium.",False,False,1cf474e83b78700c764b3d756a6ad0c4720327f851361993144fe2e734144f7d
cuad_train_0389,contract_0389,train,389,train,context_0e260dc3cf,NEXSTARFINANCEHOLDINGSINC_03_27_2002-EX-10.26-OUTSOURCING AGREEMENT,services,high,medium,2,medium,2,weak_rule_rollup,buyer_risk_rollup,"[""cuad_train_0389:termination_for_convenience""]","[""term_and_exit""]","[""audit_rights"", ""cap_on_liability""]",At least one distinct issue family contains a Medium finding.,False,False,6b8215ee167d155a4cee948c3846b07c8850b6277f9263bd6d29f331ecc83535
cuad_train_0390,contract_0390,train,390,validation,context_302bf44d28,SUNTRONCORP_05_17_2006-EX-10.22-MAINTENANCE AGREEMENT,unknown,low,low,1,medium,2,weak_rule_rollup,buyer_risk_rollup,"[""cuad_train_0390:cap_on_liability"", ""cuad_train_0390:license_grant"", ""cuad_train_0390:termination_for_convenience""]","[""intellectual_property"", ""liability_allocation"", ""term_and_exit""]","[""cap_on_liability"", ""license_grant"", ""termination_for_convenience""]","No explicit finding exceeds Low severity, but a material issue remains unresolved and raises review priority to Medium.",False,False,691241b8540fc279c2ee8d72640cbfd5462e32ee7b6d991a7693b82227c88eb6
cuad_train_0391,contract_0391,train,391,train,context_e6df5d6f6a,"SPIENERGYCO,LTD_03_09_2011-EX-99.5-OPERATIONS AND MAINTENANCE AGREEMENT",unknown,low,medium,2,medium,2,weak_rule_rollup,buyer_risk_rollup,"[""cuad_train_0391:anti_assignment""]","[""corporate_flexibility""]","[""cap_on_liability"", ""license_grant"", ""renewal_term"", ""termination_for_convenience""]",At least one distinct issue family contains a Medium finding.,False,False,51d2e78315b1adab437d58922567571704bb637b575c9c730471d0bbc52486e9
cuad_train_0392,contract_0392,train,392,validation,context_0a76222765,SteelVaultCorp_20081224_10-K_EX-10.16_3074935_EX-10.16_Affiliate Agreement,unknown,low,medium,2,medium,2,weak_rule_rollup,buyer_risk_rollup,"[""cuad_train_0392:audit_rights"", ""cuad_train_0392:cap_on_liability"", ""cuad_train_0392:renewal_term""]","[""commercial_economics"", ""liability_allocation"", ""term_and_exit""]","[""license_grant"", ""termination_for_convenience"", ""uncapped_liability""]",At least one distinct issue family contains a Medium finding.,False,False,93c7b52c2c43487dae56a24e2c14aeec98b1a6bc74866fc0fa18f644edb3d337
cuad_train_0393,contract_0393,train,393,validation,context_6f1d761448,"KIROMICBIOPHARMA,INC_04_08_2020-EX-10.28-JOINT VENTURE AGREEMENT",collaboration,high,high,3,high,3,weak_rule_rollup,buyer_risk_rollup,"[""cuad_train_0393:cap_on_liability""]","[""liability_allocation""]","[""governing_law"", ""license_grant""]",At least one distinct issue family contains a High finding.,False,False,5d49e97e8deb2ed6d588cdc8604572b6d70ffbe137f42be03a0548c1441e8d6b
cuad_train_0394,contract_0394,train,394,train,context_ff8c683a9b,PlayboyEnterprisesInc_20090220_10-QA_EX-10.2_4091580_EX-10.2_Content License Agreement_ Marketing Agreement_ Sales-Purchase Agreement1,license,high,medium,2,medium,2,weak_rule_rollup,buyer_risk_rollup,"[""cuad_train_0394:anti_assignment"", ""cuad_train_0394:exclusivity"", ""cuad_train_0394:license_grant"", ""cuad_train_0394:renewal_term"", ""cuad_train_0394:revenue_profit_sharing"", ""cuad_train_0394:uncapped_liability""]","[""commercial_economics"", ""commercial_restrictions"", ""corporate_flexibility"", ""intellectual_property"", ""liability_allocation"", ""term_and_exit""]","[""audit_rights"", ""license_grant"", ""revenue_profit_sharing""]",At least one distinct issue family contains a Medium finding.,False,False,cb53054735cbbd216f4c96ff4ddcb0d36713de751760ee0b97e33c2c76555d21
cuad_train_0395,contract_0395,train,395,train,context_1f6e1976e5,TubeMediaCorp_20060310_8-K_EX-10.1_513921_EX-10.1_Affiliate Agreement,unknown,low,medium,2,medium,2,weak_rule_rollup,buyer_risk_rollup,"[""cuad_train_0395:exclusivity""]","[""commercial_restrictions""]","[""license_grant"", ""revenue_profit_sharing"", ""termination_for_convenience""]",At least one distinct issue family contains a Medium finding.,False,False,920be40f24a6f9ac6cd8a438ef3932ae275589b0433f6a7a55241cf8ea865495
cuad_train_0396,contract_0396,train,396,train,context_17523493e0,"MARSHALLHOLDINGSINTERNATIONAL,INC_04_14_2004-EX-10.15-ENDORSEMENT AGREEMENT",marketing,high,low,1,medium,2,weak_rule_rollup,buyer_risk_rollup,"[""cuad_train_0396:cap_on_liability"", ""cuad_train_0396:license_grant"", ""cuad_train_0396:termination_for_convenience""]","[""intellectual_property"", ""liability_allocation"", ""term_and_exit""]","[""cap_on_liability"", ""license_grant"", ""termination_for_convenience""]","No explicit finding exceeds Low severity, but a material issue remains unresolved and raises review priority to Medium.",False,False,afd4934d5d26b8ac7a8248bd41652e2d463fdadd94e4cc812972bb41d334d387
cuad_train_0397,contract_0397,train,397,train,context_e075824cbb,BLACKBOXSTOCKSINC_08_05_2014-EX-10.1-DISTRIBUTOR AGREEMENT,distribution,high,medium,2,medium,2,weak_rule_rollup,buyer_risk_rollup,"[""cuad_train_0397:anti_assignment"", ""cuad_train_0397:cap_on_liability"", ""cuad_train_0397:termination_for_convenience""]","[""corporate_flexibility"", ""liability_allocation"", ""term_and_exit""]","[""cap_on_liability"", ""renewal_term""]",At least one distinct issue family contains a Medium finding.,False,False,0d2edecafe20a5de97f47ed19b08e2df988b3471e3da810944017ec8675adba5
cuad_train_0398,contract_0398,train,398,validation,context_898aa9ff54,WARNERCHILCOTTPLC_12_31_2003-EX-4.36-DEVELOPMENT AGREEMENT,unknown,low,low,1,medium,2,weak_rule_rollup,buyer_risk_rollup,"[""cuad_train_0398:cap_on_liability"", ""cuad_train_0398:license_grant"", ""cuad_train_0398:termination_for_convenience""]","[""intellectual_property"", ""liability_allocation"", ""term_and_exit""]","[""cap_on_liability"", ""license_grant"", ""termination_for_convenience""]","No explicit finding exceeds Low severity, but a material issue remains unresolved and raises review priority to Medium.",False,False,041cf1228436df335d70b2c4b6b563780fe5c9f30b20a10e5fee807a669b5f8b
cuad_train_0399,contract_0399,train,399,train,context_5fe33a66a2,VertexEnergyInc_20200113_8-K_EX-10.1_11943624_EX-10.1_Marketing Agreement,marketing,high,medium,2,medium,2,weak_rule_rollup,buyer_risk_rollup,"[""cuad_train_0399:audit_rights"", ""cuad_train_0399:exclusivity"", ""cuad_train_0399:renewal_term""]","[""commercial_economics"", ""commercial_restrictions"", ""term_and_exit""]","[""cap_on_liability"", ""license_grant"", ""revenue_profit_sharing"", ""termination_for_convenience""]",At least one distinct issue family contains a Medium finding.,False,False,480cfbb8c3b84fd4e2e8bfb0a218b1b20d5c4634dc99a7defbd89c68f933ee88
cuad_train_0400,contract_0400,train,400,train,context_c5fc83000b,NETZEEINC_11_14_2002-EX-10.3-MAINTENANCE AGREEMENT,unknown,low,medium,2,medium,2,weak_rule_rollup,buyer_risk_rollup,"[""cuad_train_0400:governing_law""]","[""dispute_resolution""]","[""cap_on_liability"", ""license_grant"", ""termination_for_convenience""]",At least one distinct issue family contains a Medium finding.,False,False,1590bce2bca6065376df0622a3cdd02d8d2436b5dc34e75419d60308cb128602
cuad_train_0401,contract_0401,train,401,train,context_d753afa52c,REGANHOLDINGCORP_03_31_2008-EX-10-LICENSE AND HOSTING AGREEMENT,license,high,medium,2,medium,2,weak_rule_rollup,buyer_risk_rollup,"[""cuad_train_0401:license_grant"", ""cuad_train_0401:termination_for_convenience"", ""cuad_train_0401:uncapped_liability""]","[""intellectual_property"", ""liability_allocation"", ""term_and_exit""]","[""cap_on_liability"", ""governing_law""]",At least one distinct issue family contains a Medium finding.,False,False,234a940d6953ff14c4abdde395f83cf0746539c3a006a2bfaa7cbdd80b4baf9e
cuad_train_0402,contract_0402,train,402,train,context_4e00e6154c,MidwestEnergyEmissionsCorp_20080604_8-K_EX-10.2_3093976_EX-10.2_Content License Agreement,license,high,medium,2,medium,2,weak_rule_rollup,buyer_risk_rollup,"[""cuad_train_0402:cap_on_liability"", ""cuad_train_0402:renewal_term""]","[""liability_allocation"", ""term_and_exit""]","[""exclusivity"", ""license_grant""]",At least one distinct issue family contains a Medium finding.,False,False,23c6922eb12fba24d2317a693ca12bd18764ec113ec78c4a716e2e6fd455f094
cuad_train_0403,contract_0403,train,403,train,context_e1dd17266b,HYDRONTECHNOLOGIESINC_03_31_1997-EX-10.47-SPONSORSHIP AGREEMENT,marketing,high,medium,2,medium,2,weak_rule_rollup,buyer_risk_rollup,"[""cuad_train_0403:anti_assignment""]","[""corporate_flexibility""]","[""cap_on_liability"", ""license_grant"", ""termination_for_convenience""]",At least one distinct issue family contains a Medium finding.,False,False,22ec07c8d251ab90a989794c5325cdd87969adc3e44df5a4df033f4ae1ea6ad3
cuad_train_0404,contract_0404,train,404,validation,context_089b029b55,CcRealEstateIncomeFundadv_20181205_POS 8C_EX-99.(H)(3)_11447739_EX-99.(H)(3)_Marketing Agreement,marketing,high,medium,2,medium,2,weak_rule_rollup,buyer_risk_rollup,"[""cuad_train_0404:cap_on_liability""]","[""liability_allocation""]","[""cap_on_liability"", ""license_grant"", ""termination_for_convenience""]",At least one distinct issue family contains a Medium finding.,False,False,4a3e5cdd6270a41de613dd009d247d83debd7302680cfb60d887bd00246af8a8
cuad_train_0405,contract_0405,train,405,train,context_d621f3c0b1,"BLUEROCKRESIDENTIALGROWTHREIT,INC_06_01_2016-EX-1.1-AGENCY AGREEMENT",unknown,low,low,1,medium,2,weak_rule_rollup,buyer_risk_rollup,"[""cuad_train_0405:cap_on_liability"", ""cuad_train_0405:license_grant"", ""cuad_train_0405:revenue_profit_sharing"", ""cuad_train_0405:termination_for_convenience""]","[""commercial_economics"", ""intellectual_property"", ""liability_allocation"", ""term_and_exit""]","[""cap_on_liability"", ""license_grant"", ""revenue_profit_sharing"", ""termination_for_convenience""]","No explicit finding exceeds Low severity, but a material issue remains unresolved and raises review priority to Medium.",False,False,54c6d5857db6f23b8915955e0e6935f00ce31c3deea2291b2e66b57101ae1f60
cuad_train_0406,contract_0406,train,406,train,context_d46fd85099,"TALLGRASSENERGY,LP_02_20_2020-EX-99.26-JOINT FILING AGREEMENT",unknown,low,medium,2,medium,2,weak_rule_rollup,buyer_risk_rollup,"[""cuad_train_0406:governing_law""]","[""dispute_resolution""]","[""cap_on_liability"", ""license_grant"", ""termination_for_convenience""]",At least one distinct issue family contains a Medium finding.,False,False,ef9fbeaf4e2c4e5ca84031eb0b5838ca7db0e2bbe943c4bf419639ddd592a6f2
cuad_train_0407,contract_0407,train,407,train,context_dc81522bbe,KINGPHARMACEUTICALSINC_08_09_2006-EX-10.1-PROMOTION AGREEMENT,unknown,low,medium,2,medium,2,weak_rule_rollup,buyer_risk_rollup,"[""cuad_train_0407:anti_assignment"", ""cuad_train_0407:license_grant""]","[""corporate_flexibility"", ""intellectual_property""]","[""cap_on_liability"", ""renewal_term"", ""revenue_profit_sharing"", ""termination_for_convenience""]",At least one distinct issue family contains a Medium finding.,False,False,92a552b93eee815071993af2c822aa2133f5588b3bf6dcec3de7e07bfa542d6a
cuad_train_0408,contract_0408,train,408,train,context_e98bcc9fca,PerformanceSportsBrandsInc_20110909_S-1_EX-10.10_7220214_EX-10.10_Endorsement Agreement,marketing,high,low,1,medium,2,weak_rule_rollup,buyer_risk_rollup,"[""cuad_train_0408:audit_rights"", ""cuad_train_0408:cap_on_liability"", ""cuad_train_0408:exclusivity"", ""cuad_train_0408:termination_for_convenience""]","[""commercial_economics"", ""commercial_restrictions"", ""liability_allocation"", ""term_and_exit""]","[""audit_rights"", ""cap_on_liability"", ""exclusivity"", ""termination_for_convenience""]","No explicit finding exceeds Low severity, but a material issue remains unresolved and raises review priority to Medium.",False,False,227ae95e0e331a4ae924dfbba4377a343fe94e9f4c98826dab2a1dd5e2662c34
cuad_test_0001,contract_0001,test,1,official_test,context_11ef4095ae,LohaCompanyltd_20191209_F-1_EX-10.16_11917878_EX-10.16_Supply Agreement,supply,high,high,3,high,3,weak_rule_rollup,buyer_risk_rollup,"[""cuad_test_0001:cap_on_liability""]","[""liability_allocation""]",[],At least one distinct issue family contains a High finding.,False,False,f9cfca1abe0d53c639a5c9516a499ecd4493dd773dd0a4ddf7d7725e0da810d6
cuad_test_0002,contract_0002,test,2,official_test,context_047df6d01b,CENTRACKINTERNATIONALINC_10_29_1999-EX-10.3-WEB SITE HOSTING AGREEMENT,unknown,low,medium,2,medium,2,weak_rule_rollup,buyer_risk_rollup,"[""cuad_test_0002:cap_on_liability""]","[""liability_allocation""]","[""governing_law"", ""license_grant""]",At least one distinct issue family contains a Medium finding.,False,False,8532356d811b76bd7ae536cf22910742ba61815dc39741fd9b295d7bc80c99f1
cuad_test_0003,contract_0003,test,3,official_test,context_4aa4baeded,DovaPharmaceuticalsInc_20181108_10-Q_EX-10.2_11414857_EX-10.2_Promotion Agreement,unknown,low,medium,2,medium,2,weak_rule_rollup,buyer_risk_rollup,"[""cuad_test_0003:cap_on_liability""]","[""liability_allocation""]","[""audit_rights"", ""cap_on_liability"", ""governing_law"", ""license_grant"", ""revenue_profit_sharing"", ""termination_for_convenience""]",At least one distinct issue family contains a Medium finding.,False,False,7bda458cd689faa8bcde9f8f3e625ecb93b04de3a772d95988aba4f803d04900
cuad_test_0004,contract_0004,test,4,official_test,context_b003580b43,"PACIRA PHARMACEUTICALS, INC. - A_R STRATEGIC LICENSING, DISTRIBUTION AND MARKETING AGREEMENT ",license,high,medium,2,medium,2,weak_rule_rollup,buyer_risk_rollup,"[""cuad_test_0004:anti_assignment"", ""cuad_test_0004:renewal_term""]","[""corporate_flexibility"", ""term_and_exit""]","[""cap_on_liability"", ""governing_law"", ""license_grant"", ""revenue_profit_sharing"", ""termination_for_convenience"", ""uncapped_liability""]",At least one distinct issue family contains a Medium finding.,False,False,0a0920ff8b1ac696c1c2747491a9cb00e9babe149ccf6a396a943acdc78f1b84
cuad_test_0005,contract_0005,test,5,official_test,context_696496e99b,ThriventVariableInsuranceAccountB_20190701_N-6_EX-99.D(IV)_11720968_EX-99.D(IV)_Endorsement Agreement,marketing,high,medium,2,medium,2,weak_rule_rollup,buyer_risk_rollup,"[""cuad_test_0005:governing_law""]","[""dispute_resolution""]","[""cap_on_liability"", ""license_grant"", ""termination_for_convenience""]",At least one distinct issue family contains a Medium finding.,False,False,2a5599674f4e11b15ba23a0a967adf5a0e9a8209f0882d5c7cc01d27a9eb1212
cuad_test_0006,contract_0006,test,6,official_test,context_bcfb8debe6,"HERTZGLOBALHOLDINGS,INC_07_07_2016-EX-10.4-INTELLECTUAL PROPERTY AGREEMENT",unknown,low,medium,2,medium,2,weak_rule_rollup,buyer_risk_rollup,"[""cuad_test_0006:anti_assignment""]","[""corporate_flexibility""]","[""cap_on_liability"", ""termination_for_convenience""]",At least one distinct issue family contains a Medium finding.,False,False,83c50fb3de1a2db90dad8018834133ab2c934e4249245760754210902e88d506
cuad_test_0007,contract_0007,test,7,official_test,context_b3b7dd8918,TUNIUCORP_03_06_2014-EX-10-COOPERATION AGREEMENT,unknown,low,medium,2,medium,2,weak_rule_rollup,buyer_risk_rollup,"[""cuad_test_0007:exclusivity"", ""cuad_test_0007:governing_law"", ""cuad_test_0007:termination_for_convenience""]","[""commercial_restrictions"", ""dispute_resolution"", ""term_and_exit""]","[""cap_on_liability"", ""license_grant""]",At least one distinct issue family contains a Medium finding.,False,False,de64f561a87663b8a6fb9d4be477fd0c0eba01695499870e754f108474440e8d
cuad_test_0008,contract_0008,test,8,official_test,context_522683e4fc,CYBERIANOUTPOSTINC_07_09_1998-EX-10.13-PROMOTION AGREEMENT,unknown,low,low,1,medium,2,weak_rule_rollup,buyer_risk_rollup,"[""cuad_test_0008:cap_on_liability"", ""cuad_test_0008:revenue_profit_sharing""]","[""commercial_economics"", ""liability_allocation""]","[""cap_on_liability"", ""revenue_profit_sharing""]","No explicit finding exceeds Low severity, but a material issue remains unresolved and raises review priority to Medium.",False,False,a3530d141fa1b32e5ea38c78611921eac7ed5af9051fad14ec87e630beb338d6
cuad_test_0009,contract_0009,test,9,official_test,context_d6add0b10b,MSCIINC_02_28_2008-EX-10.10-,unknown,low,medium,2,medium,2,weak_rule_rollup,buyer_risk_rollup,"[""cuad_test_0009:license_grant""]","[""intellectual_property""]","[""cap_on_liability"", ""termination_for_convenience""]",At least one distinct issue family contains a Medium finding.,False,False,f9315155cae492ba772b8a5f69d8fcefbe1f70d0358eb402fd67a7dff4b3022e
cuad_test_0010,contract_0010,test,10,official_test,context_1b3e79d037,CHERRYHILLMORTGAGEINVESTMENTCORP_09_26_2013-EX-10.1-Strategic Alliance Agreement,collaboration,high,high,3,high,3,weak_rule_rollup,buyer_risk_rollup,"[""cuad_test_0010:cap_on_liability""]","[""liability_allocation""]",[],At least one distinct issue family contains a High finding.,False,False,2528d4f273fad72ea608329997b95e96626632b3936a93a32dd0bbad5db970cd
cuad_test_0011,contract_0011,test,11,official_test,context_b4a66c1f5e,"WASTE2ENERGYHOLDINGS,INC_06_03_2010-EX-10.2-STRATEGIC ALLIANCE AGREEMENT",collaboration,high,high,3,high,3,weak_rule_rollup,buyer_risk_rollup,"[""cuad_test_0011:cap_on_liability""]","[""liability_allocation""]","[""governing_law""]",At least one distinct issue family contains a High finding.,False,False,bb4490eb87a64beac2445b430f94a57ba78e6ab397dd7535ad29ba3b7c2f3303
cuad_test_0012,contract_0012,test,12,official_test,context_76c6cae9a5,GridironBionutrientsInc_20171206_8-K_EX-10.2_10972556_EX-10.2_Endorsement Agreement,marketing,high,medium,2,medium,2,weak_rule_rollup,buyer_risk_rollup,"[""cuad_test_0012:governing_law""]","[""dispute_resolution""]","[""cap_on_liability"", ""license_grant"", ""revenue_profit_sharing"", ""termination_for_convenience""]",At least one distinct issue family contains a Medium finding.,False,False,496339cad48b3918f42897cff2281cc85952d83f41eae5ca04e48ddf20768009
cuad_test_0013,contract_0013,test,13,official_test,context_a3b740a1a1,FreezeTagInc_20180411_8-K_EX-10.1_11139603_EX-10.1_Sponsorship Agreement,marketing,high,medium,2,medium,2,weak_rule_rollup,buyer_risk_rollup,"[""cuad_test_0013:anti_assignment"", ""cuad_test_0013:license_grant""]","[""corporate_flexibility"", ""intellectual_property""]","[""cap_on_liability"", ""license_grant"", ""termination_for_convenience""]",At least one distinct issue family contains a Medium finding.,False,False,744a41987516df4d6cee1e635626da0a8306095b174a4f44eaf4519e89e8f6fb
cuad_test_0014,contract_0014,test,14,official_test,context_efecfabb1f,WEBHELPCOMINC_03_22_2000-EX-10.8-HOSTING AGREEMENT,unknown,low,medium,2,medium,2,weak_rule_rollup,buyer_risk_rollup,"[""cuad_test_0014:cap_on_liability""]","[""liability_allocation""]","[""termination_for_convenience"", ""uncapped_liability""]",At least one distinct issue family contains a Medium finding.,False,False,2d4e106b0139dbc3fa27478071905b7edae86ff3d0277c29ebb770a904216e10
cuad_test_0015,contract_0015,test,15,official_test,context_1817d18efc,"Columbia Laboratories, (Bermuda) Ltd. - AMEND NO. 2 TO MANUFACTURING AND SUPPLY AGREEMENT",supply,high,high,3,high,3,weak_rule_rollup,buyer_risk_rollup,"[""cuad_test_0015:cap_on_liability""]","[""liability_allocation""]",[],At least one distinct issue family contains a High finding.,False,False,17bea1f531d30d456d2df5787dfdf6a44723e822e397b5ad841c4f39cdfca4ef
cuad_test_0016,contract_0016,test,16,official_test,context_f285e9435d,N2KINC_10_16_1997-EX-10.16-SPONSORSHIP AGREEMENT,marketing,high,medium,2,medium,2,weak_rule_rollup,buyer_risk_rollup,"[""cuad_test_0016:exclusivity"", ""cuad_test_0016:uncapped_liability""]","[""commercial_restrictions"", ""liability_allocation""]","[""revenue_profit_sharing"", ""termination_for_convenience""]",At least one distinct issue family contains a Medium finding.,False,False,3d51fb71a4d06f8185ebfdb7c3feae4fa2935d9fc75951cdfc4aaff4b5733b07
cuad_test_0017,contract_0017,test,17,official_test,context_9f48e2eec1,ArconicRolledProductsCorp_20191217_10-12B_EX-2.7_11923804_EX-2.7_Trademark License Agreement,license,high,high,3,high,3,weak_rule_rollup,buyer_risk_rollup,"[""cuad_test_0017:cap_on_liability""]","[""liability_allocation""]","[""audit_rights""]",At least one distinct issue family contains a High finding.,False,False,bc3db8c11b06d0847c57051aaf75c493dda351e87a98fd5fcfe3fca7c751a0fa
cuad_test_0018,contract_0018,test,18,official_test,context_ab07b42c5b,STWRESOURCESHOLDINGCORP_08_06_2014-EX-10.1-COOPERATION AGREEMENT,unknown,low,low,1,medium,2,weak_rule_rollup,buyer_risk_rollup,"[""cuad_test_0018:audit_rights"", ""cuad_test_0018:cap_on_liability"", ""cuad_test_0018:license_grant"", ""cuad_test_0018:termination_for_convenience""]","[""commercial_economics"", ""intellectual_property"", ""liability_allocation"", ""term_and_exit""]","[""audit_rights"", ""cap_on_liability"", ""license_grant"", ""termination_for_convenience""]","No explicit finding exceeds Low severity, but a material issue remains unresolved and raises review priority to Medium.",False,False,58356a12396d1fac4b19989fe1b0a9f21f8d1a3243f406fe782d154599d63e64
cuad_test_0019,contract_0019,test,19,official_test,context_4729d0c452,HarpoonTherapeuticsInc_20200312_10-K_EX-10.18_12051356_EX-10.18_Development Agreement,unknown,low,medium,2,medium,2,weak_rule_rollup,buyer_risk_rollup,"[""cuad_test_0019:license_grant""]","[""intellectual_property""]","[""audit_rights"", ""cap_on_liability"", ""exclusivity"", ""license_grant"", ""revenue_profit_sharing"", ""termination_for_convenience"", ""uncapped_liability""]",At least one distinct issue family contains a Medium finding.,False,False,bb355fb1c969bf79632147aa2235f3b539ed0854ed7dc63aebefc0465e633685
cuad_test_0020,contract_0020,test,20,official_test,context_f874345611,CardlyticsInc_20180112_S-1_EX-10.16_11002987_EX-10.16_Maintenance Agreement3,unknown,low,medium,2,medium,2,weak_rule_rollup,buyer_risk_rollup,"[""cuad_test_0020:governing_law""]","[""dispute_resolution""]","[""cap_on_liability"", ""license_grant"", ""termination_for_convenience""]",At least one distinct issue family contains a Medium finding.,False,False,9a5b359346f414dff69f8436603e30a6e9e3bb3671f8370dffaff3e6990b5256
cuad_test_0021,contract_0021,test,21,official_test,context_4387ef945c,AIRSPANNETWORKSINC_04_11_2000-EX-10.5-Distributor Agreement,distribution,high,medium,2,medium,2,weak_rule_rollup,buyer_risk_rollup,"[""cuad_test_0021:cap_on_liability"", ""cuad_test_0021:license_grant"", ""cuad_test_0021:termination_for_convenience""]","[""intellectual_property"", ""liability_allocation"", ""term_and_exit""]","[""audit_rights"", ""cap_on_liability"", ""governing_law""]",At least one distinct issue family contains a Medium finding.,False,False,ef5d06f1cc291342f84bfff8a40d561cdd843a025475ec71d78ebbd5b687f0b8
cuad_test_0022,contract_0022,test,22,official_test,context_ea347178c9,GRANTIERRAENERGYINC_05_07_2012-EX-10.6-TRANSPORTATION CONTRACT,unknown,low,medium,2,medium,2,weak_rule_rollup,buyer_risk_rollup,"[""cuad_test_0022:anti_assignment""]","[""corporate_flexibility""]","[""cap_on_liability"", ""governing_law"", ""license_grant"", ""termination_for_convenience""]",At least one distinct issue family contains a Medium finding.,False,False,4ec387ff502a51ad3a0768c4578497809805b32a8b23620e10c1b8347b9734ef
cuad_test_0023,contract_0023,test,23,official_test,context_71db5c8c28,"VIVINT SOLAR, INC. - NON-COMPETITION AGREEMENT",unknown,low,medium,2,medium,2,weak_rule_rollup,buyer_risk_rollup,"[""cuad_test_0023:governing_law""]","[""dispute_resolution""]","[""cap_on_liability"", ""license_grant"", ""termination_for_convenience""]",At least one distinct issue family contains a Medium finding.,False,False,fc312da6f40b38046396f30b7ed00ca644ed82d35b5dbe40bb48615e9e837270
cuad_test_0024,contract_0024,test,24,official_test,context_13b3b9b8ae,CHIPMOSTECHNOLOGIESBERMUDALTD_04_18_2016-EX-4.72-Strategic Alliance Agreement,collaboration,high,high,3,high,3,weak_rule_rollup,buyer_risk_rollup,"[""cuad_test_0024:cap_on_liability""]","[""liability_allocation""]","[""renewal_term""]",At least one distinct issue family contains a High finding.,False,False,a3c62071e79c5a3c4756df742251665115f48c778c179f2628ee9f5a65a837d0
cuad_test_0025,contract_0025,test,25,official_test,context_92072bff88,RitterPharmaceuticalsInc_20200313_S-4A_EX-10.54_12055220_EX-10.54_Development Agreement,unknown,low,medium,2,medium,2,weak_rule_rollup,buyer_risk_rollup,"[""cuad_test_0025:audit_rights"", ""cuad_test_0025:termination_for_convenience""]","[""commercial_economics"", ""term_and_exit""]","[""audit_rights"", ""cap_on_liability"", ""exclusivity"", ""license_grant"", ""revenue_profit_sharing""]",At least one distinct issue family contains a Medium finding.,False,False,55591b926b7dd5047ba98179de7513692f1f57241b70e8bdcbd9fca01889b6fb
cuad_test_0026,contract_0026,test,26,official_test,context_6d08507d16,AMBASSADOREYEWEARGROUPINC_11_17_1997-EX-10.28-ENDORSEMENT AGREEMENT,marketing,high,medium,2,medium,2,weak_rule_rollup,buyer_risk_rollup,"[""cuad_test_0026:anti_assignment"", ""cuad_test_0026:revenue_profit_sharing""]","[""commercial_economics"", ""corporate_flexibility""]","[""audit_rights"", ""cap_on_liability"", ""exclusivity"", ""termination_for_convenience""]",At least one distinct issue family contains a Medium finding.,False,False,8793df7d80cd6d2525fcacea4f92da688eae393a1e2a0ce42d72df552b608b6b
cuad_test_0027,contract_0027,test,27,official_test,context_ad5f85b238,USASYNTHETICFUELCORP_10_21_2010-EX-10.10-STRATEGIC ALLIANCE AGREEMENT,collaboration,high,medium,2,medium,2,weak_rule_rollup,buyer_risk_rollup,"[""cuad_test_0027:renewal_term"", ""cuad_test_0027:revenue_profit_sharing""]","[""commercial_economics"", ""term_and_exit""]","[""exclusivity""]",At least one distinct issue family contains a Medium finding.,False,False,0fb8cd828f5c763b777f5eb8d80e5f92c46dbcd65a1cc5b3b911aae1c4ab9974
cuad_test_0028,contract_0028,test,28,official_test,context_b9ca9f692c,WESTERN COPPER - NON-COMPETITION AGREEMENT,unknown,low,medium,2,medium,2,weak_rule_rollup,buyer_risk_rollup,"[""cuad_test_0028:governing_law""]","[""dispute_resolution""]","[""cap_on_liability"", ""license_grant"", ""termination_for_convenience""]",At least one distinct issue family contains a Medium finding.,False,False,d148e0be306beafca1731bbda95efdd7d3fa21be087c5b1a56bdd51b3433f9aa
cuad_test_0029,contract_0029,test,29,official_test,context_7e79d4ecb9,"HEMISPHERX - Sales, Marketing, Distribution, and Supply Agreement",distribution,high,medium,2,medium,2,weak_rule_rollup,buyer_risk_rollup,"[""cuad_test_0029:exclusivity"", ""cuad_test_0029:license_grant"", ""cuad_test_0029:termination_for_convenience""]","[""commercial_restrictions"", ""intellectual_property"", ""term_and_exit""]","[""audit_rights"", ""renewal_term""]",At least one distinct issue family contains a Medium finding.,False,False,871238d0e146f01c49d2cccba73c8b8cbaee1d6e5181cdae8d241d0c897200d2
cuad_test_0030,contract_0030,test,30,official_test,context_fd70ff14e0,MphaseTechnologiesInc_20030911_10-K_EX-10.15_1560667_EX-10.15_Co-Branding Agreement,unknown,low,medium,2,medium,2,weak_rule_rollup,buyer_risk_rollup,"[""cuad_test_0030:anti_assignment""]","[""corporate_flexibility""]","[""license_grant""]",At least one distinct issue family contains a Medium finding.,False,False,c00e73fa23804a8ea70f011dfaca0debf75bccdeb375ca864cbf2a36a0ff4ce8
cuad_test_0031,contract_0031,test,31,official_test,context_bba8638cce,"BABCOCK_WILCOXENTERPRISES,INC_08_04_2015-EX-10.17-INTELLECTUAL PROPERTY AGREEMENT between THE BABCOCK _ WILCOX COMPANY and BABCOCK _ WILCOX ENTERPRISES, INC.",unknown,low,medium,2,medium,2,weak_rule_rollup,buyer_risk_rollup,"[""cuad_test_0031:anti_assignment"", ""cuad_test_0031:license_grant""]","[""corporate_flexibility"", ""intellectual_property""]","[""cap_on_liability"", ""exclusivity"", ""license_grant"", ""termination_for_convenience""]",At least one distinct issue family contains a Medium finding.,False,False,670816cb31e329a198638a46a32531b4db03129fd8471203a3772e8d33cdcf1f
cuad_test_0032,contract_0032,test,32,official_test,context_325bcbb4c0,"VAPOTHERM, INC. - Manufacturing and Supply Agreement",supply,high,medium,2,medium,2,weak_rule_rollup,buyer_risk_rollup,"[""cuad_test_0032:termination_for_convenience""]","[""term_and_exit""]","[""audit_rights"", ""uncapped_liability""]",At least one distinct issue family contains a Medium finding.,False,False,e584820f6e143596f07de393907f376ef06e23b5d5d1a7a5048e45bd839d5431
cuad_test_0033,contract_0033,test,33,official_test,context_4e20746676,PLAYAHOTELS_RESORTSNV_03_14_2017-EX-10.22-STRATEGIC ALLIANCE AGREEMENT (Hyatt Ziva Cancun),collaboration,high,medium,2,medium,2,weak_rule_rollup,buyer_risk_rollup,"[""cuad_test_0033:termination_for_convenience""]","[""term_and_exit""]","[""cap_on_liability""]",At least one distinct issue family contains a Medium finding.,False,False,8621625f68b9dd6dfad65f47fbc13779a8b65995dcd6eac85927d2cfcbc2b3f3
cuad_test_0034,contract_0034,test,34,official_test,context_6129e6e545,"SPOKHOLDINGS,INC_06_19_2020-EX-10.1-COOPERATION AGREEMENT",unknown,low,medium,2,medium,2,weak_rule_rollup,buyer_risk_rollup,"[""cuad_test_0034:anti_assignment""]","[""corporate_flexibility""]","[""cap_on_liability"", ""license_grant"", ""termination_for_convenience""]",At least one distinct issue family contains a Medium finding.,False,False,a89d914772be939230b36e8203170c5cff90b598ce640e6b11d5d49b191c7c1f
cuad_test_0035,contract_0035,test,35,official_test,context_cd1bd9baa0,RMRGROUPINC_01_22_2020-EX-99.1-JOINT FILING AGREEMENT,unknown,low,medium,2,medium,2,weak_rule_rollup,buyer_risk_rollup,"[""cuad_test_0035:governing_law""]","[""dispute_resolution""]","[""cap_on_liability"", ""license_grant"", ""termination_for_convenience""]",At least one distinct issue family contains a Medium finding.,False,False,970873275c228d4c10c4944fcec4dcb4c9cbd52fb5f01f667e74bcfc43a69868
cuad_test_0036,contract_0036,test,36,official_test,context_630a658e55,PRIMEENERGYRESOURCESCORP_04_02_2007-EX-10.28-COMPLETION AND LIQUIDITY MAINTENANCE AGREEMENT,unknown,low,low,1,medium,2,weak_rule_rollup,buyer_risk_rollup,"[""cuad_test_0036:cap_on_liability"", ""cuad_test_0036:governing_law"", ""cuad_test_0036:license_grant"", ""cuad_test_0036:termination_for_convenience""]","[""dispute_resolution"", ""intellectual_property"", ""liability_allocation"", ""term_and_exit""]","[""cap_on_liability"", ""governing_law"", ""license_grant"", ""termination_for_convenience""]","No explicit finding exceeds Low severity, but a material issue remains unresolved and raises review priority to Medium.",False,False,050ebe65b872b964ccbcf71874e1514c34651c3dce14040ea9debb5539201bdd
cuad_test_0037,contract_0037,test,37,official_test,context_9b277ee0a3,AgapeAtpCorp_20191202_10-KA_EX-10.1_11911128_EX-10.1_Supply Agreement,supply,high,high,3,high,3,weak_rule_rollup,buyer_risk_rollup,"[""cuad_test_0037:cap_on_liability""]","[""liability_allocation""]","[""exclusivity""]",At least one distinct issue family contains a High finding.,False,False,6d43065ff242642866da6be6b83f9849ad898e6eea9c1e71b0c2853dd3822c5a
cuad_test_0038,contract_0038,test,38,official_test,context_253ff472db,PhoenixNewMediaLtd_20110421_F-1_EX-10.17_6958322_EX-10.17_Content License Agreement,license,high,high,3,high,3,weak_rule_rollup,buyer_risk_rollup,"[""cuad_test_0038:cap_on_liability""]","[""liability_allocation""]","[""exclusivity"", ""governing_law"", ""license_grant""]",At least one distinct issue family contains a High finding.,False,False,db39d6c284788dfdaa94423b779f5a3f188093bf5398790407de2db4a98d618e
cuad_test_0039,contract_0039,test,39,official_test,context_fedf0a22ba,"ONEMAINHOLDINGS,INC_02_20_2020-EX-99.D-JOINT FILING AGREEMENT",unknown,low,medium,2,medium,2,weak_rule_rollup,buyer_risk_rollup,"[""cuad_test_0039:governing_law""]","[""dispute_resolution""]","[""cap_on_liability"", ""license_grant"", ""termination_for_convenience""]",At least one distinct issue family contains a Medium finding.,False,False,b37b30e0152b384f720b3d29291a815a414fd51f8b541a7b5f16a48b10de8c42
cuad_test_0040,contract_0040,test,40,official_test,context_e3a2d97ce9,BerkshireHillsBancorpInc_20120809_10-Q_EX-10.16_7708169_EX-10.16_Endorsement Agreement,marketing,high,medium,2,medium,2,weak_rule_rollup,buyer_risk_rollup,"[""cuad_test_0040:anti_assignment""]","[""corporate_flexibility""]","[""cap_on_liability"", ""termination_for_convenience""]",At least one distinct issue family contains a Medium finding.,False,False,a64e7166503fb0add16eb2f7a4466a9d6bb859868e427a59276160342da13867
cuad_test_0041,contract_0041,test,41,official_test,context_f6a12d48ff,VALENCETECHNOLOGYINC_02_14_2003-EX-10-JOINT VENTURE CONTRACT,collaboration,high,high,3,high,3,weak_rule_rollup,buyer_risk_rollup,"[""cuad_test_0041:cap_on_liability""]","[""liability_allocation""]","[""audit_rights"", ""license_grant"", ""revenue_profit_sharing""]",At least one distinct issue family contains a High finding.,False,False,c1c3c5d87acdce496832abeb85ed860e5379861b9f29744f88c55da16f5c91ac
cuad_test_0042,contract_0042,test,42,official_test,context_52144b3c70,Quaker Chemical Corporation - NON COMPETITION AND NON SOLICITATION AGREEMENT,unknown,low,medium,2,medium,2,weak_rule_rollup,buyer_risk_rollup,"[""cuad_test_0042:anti_assignment""]","[""corporate_flexibility""]","[""cap_on_liability"", ""license_grant"", ""revenue_profit_sharing"", ""termination_for_convenience""]",At least one distinct issue family contains a Medium finding.,False,False,c1c3668fe4a3a44599de2e66dc724a948163944c2cd92b73e810e9cfd6ede6ed
cuad_test_0043,contract_0043,test,43,official_test,context_367e473afd,GpaqAcquisitionHoldingsInc_20200123_S-4A_EX-10.8_11951679_EX-10.8_Service Agreement,services,high,high,3,high,3,weak_rule_rollup,buyer_risk_rollup,"[""cuad_test_0043:cap_on_liability""]","[""liability_allocation""]","[""exclusivity""]",At least one distinct issue family contains a High finding.,False,False,9d8942925e1900a35876bf5398d788b28095ea16e207899b0e7d60afb9e44857
cuad_test_0044,contract_0044,test,44,official_test,context_3c1c7669cd,"SUCAMPOPHARMACEUTICALS,INC_11_04_2015-EX-10.2-STRATEGIC ALLIANCE AGREEMENT",collaboration,high,medium,2,medium,2,weak_rule_rollup,buyer_risk_rollup,"[""cuad_test_0044:anti_assignment"", ""cuad_test_0044:governing_law"", ""cuad_test_0044:termination_for_convenience""]","[""corporate_flexibility"", ""dispute_resolution"", ""term_and_exit""]","[""audit_rights"", ""cap_on_liability""]",At least one distinct issue family contains a Medium finding.,False,False,83c8a5b6a0ee219c184a90eaffec0cf930e7ed80e4f12ce342714bc745115934
cuad_test_0045,contract_0045,test,45,official_test,context_b49ceda1fd,KENTUCKYUTILITIESCO_03_25_2003-EX-10.65-TRANSPORTATION AGREEMENT,unknown,low,low,1,medium,2,weak_rule_rollup,buyer_risk_rollup,"[""cuad_test_0045:cap_on_liability"", ""cuad_test_0045:license_grant"", ""cuad_test_0045:termination_for_convenience""]","[""intellectual_property"", ""liability_allocation"", ""term_and_exit""]","[""cap_on_liability"", ""license_grant"", ""termination_for_convenience""]","No explicit finding exceeds Low severity, but a material issue remains unresolved and raises review priority to Medium.",False,False,7e80b5dd1216b8655da4c3fd44a2adae9ea0bcc7d3046e12b4c578f46b864f8a
cuad_test_0046,contract_0046,test,46,official_test,context_ead08c49f5,AFSALABANCORPINC_08_01_1996-EX-1.1-AGENCY AGREEMENT,unknown,low,medium,2,medium,2,weak_rule_rollup,buyer_risk_rollup,"[""cuad_test_0046:cap_on_liability"", ""cuad_test_0046:termination_for_convenience""]","[""liability_allocation"", ""term_and_exit""]","[""license_grant""]",At least one distinct issue family contains a Medium finding.,False,False,ba14c927c1ceb18f63958108bc80a98fb5de63a2071808f5873dfa9940109da9
cuad_test_0047,contract_0047,test,47,official_test,context_83d8d7cdfe,SigaTechnologiesInc_20190603_8-K_EX-10.1_11695818_EX-10.1_Promotion Agreement,unknown,low,low,1,medium,2,weak_rule_rollup,buyer_risk_rollup,"[""cuad_test_0047:cap_on_liability"", ""cuad_test_0047:exclusivity"", ""cuad_test_0047:revenue_profit_sharing"", ""cuad_test_0047:termination_for_convenience""]","[""commercial_economics"", ""commercial_restrictions"", ""liability_allocation"", ""term_and_exit""]","[""audit_rights"", ""cap_on_liability"", ""exclusivity"", ""revenue_profit_sharing"", ""termination_for_convenience"", ""uncapped_liability""]","No explicit finding exceeds Low severity, but a material issue remains unresolved and raises review priority to Medium.",False,False,810f6fdd8c93332806735652e91637e49aeaf529c71e50ec111977d08129224f
cuad_test_0048,contract_0048,test,48,official_test,context_5bd6e289b1,HPILHOLDING_01_07_2015-EX-99.1-COOPERATION AGREEMENT,unknown,low,medium,2,medium,2,weak_rule_rollup,buyer_risk_rollup,"[""cuad_test_0048:cap_on_liability""]","[""liability_allocation""]","[""license_grant"", ""termination_for_convenience""]",At least one distinct issue family contains a Medium finding.,False,False,98ba454bb3ccef1b7300bb7af2c43a7719eda9cb4e83f7c5d14578d32f8c5695
cuad_test_0049,contract_0049,test,49,official_test,context_974095832f,FEDERATEDGOVERNMENTINCOMESECURITIESINC_04_28_2020-EX-99.SERV AGREE-SERVICES AGREEMENT_POWEROF,services,high,high,3,high,3,weak_rule_rollup,buyer_risk_rollup,"[""cuad_test_0049:cap_on_liability""]","[""liability_allocation""]",[],At least one distinct issue family contains a High finding.,False,False,df60e354f88a3b0120135e0886e3c6ff141309d8a0c253c0ac4c5a5b9ed50ce6
cuad_test_0050,contract_0050,test,50,official_test,context_259c53f01c,"CURAEGISTECHNOLOGIES,INC_05_26_2010-EX-1-CORPORATE SPONSORSHIP AGREEMENT",marketing,high,medium,2,medium,2,weak_rule_rollup,buyer_risk_rollup,"[""cuad_test_0050:anti_assignment"", ""cuad_test_0050:license_grant""]","[""corporate_flexibility"", ""intellectual_property""]","[""termination_for_convenience""]",At least one distinct issue family contains a Medium finding.,False,False,01a6a01aef555c3b1cf58d562a6a6970c91beb1cca066424ef8c1a962a047735
cuad_test_0051,contract_0051,test,51,official_test,context_b77563573a,GridironBionutrientsInc_20171206_8-K_EX-10.1_10972555_EX-10.1_Endorsement Agreement,marketing,high,medium,2,medium,2,weak_rule_rollup,buyer_risk_rollup,"[""cuad_test_0051:cap_on_liability""]","[""liability_allocation""]","[""exclusivity"", ""license_grant"", ""revenue_profit_sharing"", ""termination_for_convenience""]",At least one distinct issue family contains a Medium finding.,False,False,9bd93106c7da5a5256d055fa02684886b2e86c21f993f5461274e2b65d46b38b
cuad_test_0052,contract_0052,test,52,official_test,context_53efa587e2,WOMENSGOLFUNLIMITEDINC_03_29_2000-EX-10.13-ENDORSEMENT AGREEMENT,marketing,high,medium,2,medium,2,weak_rule_rollup,buyer_risk_rollup,"[""cuad_test_0052:anti_assignment"", ""cuad_test_0052:audit_rights"", ""cuad_test_0052:license_grant""]","[""commercial_economics"", ""corporate_flexibility"", ""intellectual_property""]","[""cap_on_liability"", ""exclusivity"", ""termination_for_convenience""]",At least one distinct issue family contains a Medium finding.,False,False,4409b6e45aec52486aef45e86a94f12aaa5c36246a131e1d7311585a9d37ad39
cuad_test_0053,contract_0053,test,53,official_test,context_429f00fd74,ScansourceInc_20190509_10-Q_EX-10.2_11661422_EX-10.2_Distributor Agreement,distribution,high,high,3,high,3,weak_rule_rollup,buyer_risk_rollup,"[""cuad_test_0053:cap_on_liability""]","[""liability_allocation""]","[""governing_law""]",At least one distinct issue family contains a High finding.,False,False,4996dfa734c77a1825fb95e4916c09bd264181e35d455e10717433d1709b2aee
cuad_test_0054,contract_0054,test,54,official_test,context_95c640b91a,SoupmanInc_20150814_8-K_EX-10.1_9230148_EX-10.1_Franchise Agreement4,franchise,high,high,3,high,3,weak_rule_rollup,buyer_risk_rollup,"[""cuad_test_0054:cap_on_liability""]","[""liability_allocation""]",[],At least one distinct issue family contains a High finding.,False,False,d3b48e403dce07c50842f80ffc6d9b03d5e22597822766851478b17923442743
cuad_test_0055,contract_0055,test,55,official_test,context_ca467853b7,BOLIVARMININGCORP_05_23_2003-EX-2.1-VISP WEB SITE BUILDING AND HOSTING AGREEMENT,unknown,low,medium,2,medium,2,weak_rule_rollup,buyer_risk_rollup,"[""cuad_test_0055:anti_assignment""]","[""corporate_flexibility""]","[""cap_on_liability"", ""license_grant"", ""revenue_profit_sharing"", ""termination_for_convenience""]",At least one distinct issue family contains a Medium finding.,False,False,a84da786674a383f93aaa0fc640c47de727042091dc7f3e2df647a2162676e93
cuad_test_0056,contract_0056,test,56,official_test,context_4df8a8a063,"GALERATHERAPEUTICS,INC_02_14_2020-EX-99.A-JOINT FILING AGREEMENT",unknown,low,medium,2,medium,2,weak_rule_rollup,buyer_risk_rollup,"[""cuad_test_0056:governing_law""]","[""dispute_resolution""]","[""cap_on_liability"", ""license_grant"", ""termination_for_convenience""]",At least one distinct issue family contains a Medium finding.,False,False,c9e975471fb0998b7562262d83518f81b8de936e091c26ecb7dc3c4ebb40eb69
cuad_test_0057,contract_0057,test,57,official_test,context_f15ac630e5,"Reinsurance Group of America, Incorporated - A_R REMARKETING  AGREEMENT",unknown,low,low,1,medium,2,weak_rule_rollup,buyer_risk_rollup,"[""cuad_test_0057:cap_on_liability"", ""cuad_test_0057:license_grant"", ""cuad_test_0057:revenue_profit_sharing"", ""cuad_test_0057:termination_for_convenience""]","[""commercial_economics"", ""intellectual_property"", ""liability_allocation"", ""term_and_exit""]","[""cap_on_liability"", ""license_grant"", ""revenue_profit_sharing"", ""termination_for_convenience""]","No explicit finding exceeds Low severity, but a material issue remains unresolved and raises review priority to Medium.",False,False,8f6a2e31fee0446436358f96171610f79afd208a9bd839de19548fa37ec054fd
cuad_test_0058,contract_0058,test,58,official_test,context_ee02cf9f41,PaperexchangeComInc_20000322_S-1A_EX-10.4_5202103_EX-10.4_Co-Branding Agreement,unknown,low,medium,2,medium,2,weak_rule_rollup,buyer_risk_rollup,"[""cuad_test_0058:license_grant"", ""cuad_test_0058:renewal_term"", ""cuad_test_0058:revenue_profit_sharing"", ""cuad_test_0058:uncapped_liability""]","[""commercial_economics"", ""intellectual_property"", ""liability_allocation"", ""term_and_exit""]","[""audit_rights"", ""cap_on_liability"", ""termination_for_convenience""]",At least one distinct issue family contains a Medium finding.,False,False,46183b3468a04e9c11f082a2e51359a1403bb373cc5d0f61e6eaa4306f65a9d5
cuad_test_0059,contract_0059,test,59,official_test,context_2a88b2cad7,BIOPURECORP_06_30_1999-EX-10.13-AGENCY AGREEMENT,unknown,low,medium,2,medium,2,weak_rule_rollup,buyer_risk_rollup,"[""cuad_test_0059:cap_on_liability""]","[""liability_allocation""]","[""audit_rights"", ""license_grant""]",At least one distinct issue family contains a Medium finding.,False,False,46efce0876517845139456fb334958c9d530b7ebdea2a955c1f693d432e591f0
cuad_test_0060,contract_0060,test,60,official_test,context_570368543c,TRIZETTOGROUPINC_08_18_1999-EX-10.17-TECHNICAL INFRASTRUCTURE MAINTENANCE AGREEMENT,unknown,low,medium,2,medium,2,weak_rule_rollup,buyer_risk_rollup,"[""cuad_test_0060:anti_assignment"", ""cuad_test_0060:cap_on_liability""]","[""corporate_flexibility"", ""liability_allocation""]","[""cap_on_liability"", ""license_grant"", ""termination_for_convenience""]",At least one distinct issue family contains a Medium finding.,False,False,36724bd21fa87d101e0450b60f9265c5510d285cfb893f6a72fbe06ed765764b
cuad_test_0061,contract_0061,test,61,official_test,context_9a538bcfc1,"SPIENERGYCO,LTD_07_10_2014-EX-10-Cooperation Agreement of 50MWp Photovoltaic Grid-connected Power Generation Project in Yangqiao of~1",unknown,low,medium,2,medium,2,weak_rule_rollup,buyer_risk_rollup,"[""cuad_test_0061:governing_law""]","[""dispute_resolution""]","[""cap_on_liability"", ""license_grant"", ""termination_for_convenience""]",At least one distinct issue family contains a Medium finding.,False,False,33df36be3890377b0d92b21ad5eab450d4df8d5890341c1efd208a7bb270c034
cuad_test_0062,contract_0062,test,62,official_test,context_a1ccf8e37b,SoupmanInc_20150814_8-K_EX-10.1_9230148_EX-10.1_Franchise Agreement1,franchise,high,medium,2,medium,2,weak_rule_rollup,buyer_risk_rollup,"[""cuad_test_0062:anti_assignment"", ""cuad_test_0062:audit_rights"", ""cuad_test_0062:exclusivity"", ""cuad_test_0062:license_grant"", ""cuad_test_0062:termination_for_convenience""]","[""commercial_economics"", ""commercial_restrictions"", ""corporate_flexibility"", ""intellectual_property"", ""term_and_exit""]","[""audit_rights"", ""cap_on_liability"", ""exclusivity"", ""license_grant"", ""revenue_profit_sharing""]",At least one distinct issue family contains a Medium finding.,False,False,9009d53b3f1c416872fa6d70cdc98940f7c62f25523b76b3fe231f0e11b3d0dc
cuad_test_0063,contract_0063,test,63,official_test,context_9c9ec29dcc,IntegrityMediaInc_20010329_10-K405_EX-10.17_2373875_EX-10.17_Co-Branding Agreement,unknown,low,medium,2,medium,2,weak_rule_rollup,buyer_risk_rollup,"[""cuad_test_0063:audit_rights"", ""cuad_test_0063:exclusivity""]","[""commercial_economics"", ""commercial_restrictions""]","[""cap_on_liability"", ""license_grant"", ""revenue_profit_sharing"", ""termination_for_convenience""]",At least one distinct issue family contains a Medium finding.,False,False,d5d4fab462ce863768a531c28f9e7b08c68884b9b3709e7884ecb3b41663fee0
cuad_test_0064,contract_0064,test,64,official_test,context_6124bdd459,WatchitMediaInc_20061201_8-K_EX-10.1_4148672_EX-10.1_Content License Agreement,license,high,high,3,high,3,weak_rule_rollup,buyer_risk_rollup,"[""cuad_test_0064:cap_on_liability""]","[""liability_allocation""]","[""exclusivity""]",At least one distinct issue family contains a High finding.,False,False,953a9b9f91d2ad75c73ba38ab811823b7707bc60c6600e4ed8b2aa8b27949a36
cuad_test_0065,contract_0065,test,65,official_test,context_8fb7b3121b,"OMINTO,INC_03_29_2004-EX-10-RESELLER AGREEMENT",distribution,high,medium,2,medium,2,weak_rule_rollup,buyer_risk_rollup,"[""cuad_test_0065:anti_assignment"", ""cuad_test_0065:renewal_term"", ""cuad_test_0065:revenue_profit_sharing""]","[""commercial_economics"", ""corporate_flexibility"", ""term_and_exit""]","[""audit_rights"", ""license_grant"", ""revenue_profit_sharing""]",At least one distinct issue family contains a Medium finding.,False,False,63c4ce209111a2920d803f15cb0f1ca5c1919368cad08862fea3ce0923870e55
cuad_test_0066,contract_0066,test,66,official_test,context_324571c2a0,"GSITECHNOLOGYINC_11_16_2009-EX-10.2-INTELLECTUAL PROPERTY AGREEMENT between SONY ELECTRONICS INC. and GSI TECHNOLOGY, INC.",unknown,low,medium,2,medium,2,weak_rule_rollup,buyer_risk_rollup,"[""cuad_test_0066:anti_assignment""]","[""corporate_flexibility""]","[""audit_rights"", ""cap_on_liability"", ""termination_for_convenience""]",At least one distinct issue family contains a Medium finding.,False,False,e40e805afe1baf5218409bb2c0fa1bfb0b04a422757a5d6d312ebed0beed515a
cuad_test_0067,contract_0067,test,67,official_test,context_3025c43525,MusclepharmCorp_20170208_10-KA_EX-10.38_9893581_EX-10.38_Co-Branding Agreement,unknown,low,medium,2,medium,2,weak_rule_rollup,buyer_risk_rollup,"[""cuad_test_0067:audit_rights"", ""cuad_test_0067:cap_on_liability""]","[""commercial_economics"", ""liability_allocation""]","[""audit_rights"", ""cap_on_liability"", ""exclusivity"", ""license_grant"", ""termination_for_convenience""]",At least one distinct issue family contains a Medium finding.,False,False,0545fc6a00b64d9bb75c36ab9ebc738d4c726f11fd000b2eed284fcaed0f55e5
cuad_test_0068,contract_0068,test,68,official_test,context_ae7ab63a0f,"PAXMEDICA,INC_07_02_2020-EX-10.12-Master Service Agreement",services,high,medium,2,medium,2,weak_rule_rollup,buyer_risk_rollup,"[""cuad_test_0068:anti_assignment"", ""cuad_test_0068:termination_for_convenience""]","[""corporate_flexibility"", ""term_and_exit""]","[""cap_on_liability""]",At least one distinct issue family contains a Medium finding.,False,False,874eb07ae3632c67eb5eacb3f51e5927d112f8d6e7e0ba3c1a39d9614fb14f45
cuad_test_0069,contract_0069,test,69,official_test,context_92deb0fc0c,"DRIVENDELIVERIES,INC_05_22_2020-EX-10.4-CONSULTING AGREEMENT",services,high,medium,2,medium,2,weak_rule_rollup,buyer_risk_rollup,"[""cuad_test_0069:cap_on_liability"", ""cuad_test_0069:license_grant""]","[""intellectual_property"", ""liability_allocation""]",[],At least one distinct issue family contains a Medium finding.,False,False,bae9c2a33cdb12e3ceed1036720847072bae4b80203c841a688b1ec5044a9ea9
cuad_test_0070,contract_0070,test,70,official_test,context_b4279992ca,"HALITRON,INC_03_01_2005-EX-10.15-SPONSORSHIP AND DEVELOPMENT AGREEMENT",marketing,high,medium,2,medium,2,weak_rule_rollup,buyer_risk_rollup,"[""cuad_test_0070:audit_rights"", ""cuad_test_0070:cap_on_liability"", ""cuad_test_0070:exclusivity""]","[""commercial_economics"", ""commercial_restrictions"", ""liability_allocation""]","[""audit_rights"", ""exclusivity"", ""license_grant"", ""termination_for_convenience""]",At least one distinct issue family contains a Medium finding.,False,False,ff6e2ef47b5248b8a14d7b01351e75be685a37e387293c0893668943eecfd4db
cuad_test_0071,contract_0071,test,71,official_test,context_5a6676a2d2,WestPharmaceuticalServicesInc_20200116_8-K_EX-10.1_11947529_EX-10.1_Supply Agreement,supply,high,medium,2,medium,2,weak_rule_rollup,buyer_risk_rollup,"[""cuad_test_0071:anti_assignment"", ""cuad_test_0071:cap_on_liability"", ""cuad_test_0071:governing_law"", ""cuad_test_0071:termination_for_convenience""]","[""corporate_flexibility"", ""dispute_resolution"", ""liability_allocation"", ""term_and_exit""]","[""audit_rights"", ""cap_on_liability"", ""governing_law""]",At least one distinct issue family contains a Medium finding.,False,False,7c991c9f55f81fd83a885f40cf89eb81f276897ee3ff068f0b7d689b6f88d495
cuad_test_0072,contract_0072,test,72,official_test,context_c1acafa84e,PANDIONTHERAPEUTICSHOLDCOLLC_05_22_2020-EX-10.17-CONSULTING AGREEMENT,services,high,high,3,high,3,weak_rule_rollup,buyer_risk_rollup,"[""cuad_test_0072:cap_on_liability""]","[""liability_allocation""]","[""revenue_profit_sharing""]",At least one distinct issue family contains a High finding.,False,False,5369ed2fb8fc914be45608b48bc734c4c5607ac6eb6c3cc9e76c4ad3f41c892f
cuad_test_0073,contract_0073,test,73,official_test,context_1e0a22bfb7,BizzingoInc_20120322_8-K_EX-10.17_7504499_EX-10.17_Endorsement Agreement,marketing,high,medium,2,medium,2,weak_rule_rollup,buyer_risk_rollup,"[""cuad_test_0073:governing_law"", ""cuad_test_0073:revenue_profit_sharing"", ""cuad_test_0073:termination_for_convenience""]","[""commercial_economics"", ""dispute_resolution"", ""term_and_exit""]","[""cap_on_liability"", ""exclusivity"", ""renewal_term""]",At least one distinct issue family contains a Medium finding.,False,False,3047c857b6497a9ce5f15a8f94881e0345a2c5225e642b79d607421b9d365d33
cuad_test_0074,contract_0074,test,74,official_test,context_fa22462445,PHLVARIABLEINSURANCECOCT_08_17_2009-EX-10.1-STRATEGIC ALLIANCE AGREEMENT,collaboration,high,medium,2,medium,2,weak_rule_rollup,buyer_risk_rollup,"[""cuad_test_0074:anti_assignment"", ""cuad_test_0074:audit_rights"", ""cuad_test_0074:cap_on_liability""]","[""commercial_economics"", ""corporate_flexibility"", ""liability_allocation""]","[""cap_on_liability"", ""termination_for_convenience""]",At least one distinct issue family contains a Medium finding.,False,False,d5dd12e27ecccb37f9bd2b6198912ccc7c8954ce8073c8cfaf7259354623ec1f
cuad_test_0075,contract_0075,test,75,official_test,context_04110f8a59,"MFAFINANCIAL,INC_07_06_2020-EX-99.D-JOINT FILING AGREEMENT",unknown,low,medium,2,medium,2,weak_rule_rollup,buyer_risk_rollup,"[""cuad_test_0075:governing_law""]","[""dispute_resolution""]","[""cap_on_liability"", ""license_grant"", ""termination_for_convenience""]",At least one distinct issue family contains a Medium finding.,False,False,83a4cf11e75a1e08d9186ef454cdc7037a8fe41e466d6231dfed0f39f433afa1
cuad_test_0076,contract_0076,test,76,official_test,context_59f2fa1b92,PROFOUNDMEDICALCORP_08_29_2019-EX-4.5-SUPPLY AGREEMENT,supply,high,high,3,high,3,weak_rule_rollup,buyer_risk_rollup,"[""cuad_test_0076:cap_on_liability""]","[""liability_allocation""]","[""license_grant""]",At least one distinct issue family contains a High finding.,False,False,68f39c0d1757881605a0c52e260b86aa0d23de970694a6397cf6654e0881405e
cuad_test_0077,contract_0077,test,77,official_test,context_2a5dc0659e,TRICITYBANKSHARESCORP_05_15_1998-EX-10-OUTSOURCING AGREEMENT,services,high,medium,2,medium,2,weak_rule_rollup,buyer_risk_rollup,"[""cuad_test_0077:anti_assignment"", ""cuad_test_0077:cap_on_liability"", ""cuad_test_0077:renewal_term""]","[""corporate_flexibility"", ""liability_allocation"", ""term_and_exit""]","[""audit_rights"", ""termination_for_convenience""]",At least one distinct issue family contains a Medium finding.,False,False,5ace7a03650252f3f2a08d44b3bf4c689d6b9e1bc62a90a455a23bcb4e484b02
cuad_test_0078,contract_0078,test,78,official_test,context_d01dbc3012,"HC2HOLDINGS,INC_05_14_2020-EX-10.1-COOPERATION AGREEMENT",unknown,low,medium,2,medium,2,weak_rule_rollup,buyer_risk_rollup,"[""cuad_test_0078:anti_assignment""]","[""corporate_flexibility""]","[""cap_on_liability"", ""license_grant"", ""termination_for_convenience""]",At least one distinct issue family contains a Medium finding.,False,False,47ee42edcfd94c66c62f1b971f785d7027d0facea23309670d8c6921d3ff703c
cuad_test_0079,contract_0079,test,79,official_test,context_d6d227bf09,Monsanto Company - SECOND A_R EXCLUSIVE AGENCY AND MARKETING AGREEMENT ,marketing,high,medium,2,medium,2,weak_rule_rollup,buyer_risk_rollup,"[""cuad_test_0079:anti_assignment"", ""cuad_test_0079:audit_rights"", ""cuad_test_0079:exclusivity"", ""cuad_test_0079:license_grant""]","[""commercial_economics"", ""commercial_restrictions"", ""corporate_flexibility"", ""intellectual_property""]","[""audit_rights"", ""cap_on_liability"", ""revenue_profit_sharing"", ""termination_for_convenience""]",At least one distinct issue family contains a Medium finding.,False,False,23efebbaa834db98f870bf4659ac32f37fe481ddddd32dee560f343aefc8c270
cuad_test_0080,contract_0080,test,80,official_test,context_39b81dca2b,ElPolloLocoHoldingsInc_20200306_10-K_EX-10.16_12041700_EX-10.16_Development Agreement,unknown,low,medium,2,medium,2,weak_rule_rollup,buyer_risk_rollup,"[""cuad_test_0080:anti_assignment"", ""cuad_test_0080:governing_law""]","[""corporate_flexibility"", ""dispute_resolution""]","[""cap_on_liability"", ""license_grant"", ""termination_for_convenience""]",At least one distinct issue family contains a Medium finding.,False,False,bc76571a2b5ae91953575dd7deaee58a11d55ce9a891fa9335e7c2aff05cb9c4
cuad_test_0081,contract_0081,test,81,official_test,context_e150e5bf3b,ACCELERATEDTECHNOLOGIESHOLDINGCORP_04_24_2003-EX-10.13-JOINT VENTURE AGREEMENT,collaboration,high,high,3,high,3,weak_rule_rollup,buyer_risk_rollup,"[""cuad_test_0081:cap_on_liability""]","[""liability_allocation""]","[""audit_rights"", ""revenue_profit_sharing""]",At least one distinct issue family contains a High finding.,False,False,85182a8d5506adf149a0c8ea479167d6c11b979a821fa33a5da2ce1cdcd13c31
cuad_test_0082,contract_0082,test,82,official_test,context_0e72f196b9,SEASPINEHOLDINGSCORP_10_10_2018-EX-10.1-SUPPLY AGREEMENT,supply,high,medium,2,medium,2,weak_rule_rollup,buyer_risk_rollup,"[""cuad_test_0082:cap_on_liability"", ""cuad_test_0082:license_grant"", ""cuad_test_0082:termination_for_convenience""]","[""intellectual_property"", ""liability_allocation"", ""term_and_exit""]","[""audit_rights""]",At least one distinct issue family contains a Medium finding.,False,False,5657b1ef6001f6f5bee46cfc0165399d42466af1265048c3f816bba1edb624bc
cuad_test_0083,contract_0083,test,83,official_test,context_309c84df9e,HfEnterprisesInc_20191223_S-1_EX-10.22_11931299_EX-10.22_Development Agreement,unknown,low,medium,2,medium,2,weak_rule_rollup,buyer_risk_rollup,"[""cuad_test_0083:anti_assignment""]","[""corporate_flexibility""]","[""cap_on_liability""]",At least one distinct issue family contains a Medium finding.,False,False,6c0d2d0e9da5975f82e5ab81cc2990cd20e41b5d75f389fd020247b2535eff18
cuad_test_0084,contract_0084,test,84,official_test,context_713f28304c,ICORECONNECTINC_10_13_2010-EX-7.1-Strategic Alliance Agreement,collaboration,high,medium,2,medium,2,weak_rule_rollup,buyer_risk_rollup,"[""cuad_test_0084:anti_assignment"", ""cuad_test_0084:revenue_profit_sharing"", ""cuad_test_0084:termination_for_convenience""]","[""commercial_economics"", ""corporate_flexibility"", ""term_and_exit""]","[""cap_on_liability"", ""governing_law"", ""revenue_profit_sharing""]",At least one distinct issue family contains a Medium finding.,False,False,6536f2b9198ec8018b9b04b8aa9ed3d395d5462b658a9b4278bb211a2d199b00
cuad_test_0085,contract_0085,test,85,official_test,context_0c0f8e344b,TEARDROPGOLFCO_10_23_1996-EX-10.12-ENDORSEMENT AGREEMENT,marketing,high,medium,2,medium,2,weak_rule_rollup,buyer_risk_rollup,"[""cuad_test_0085:anti_assignment"", ""cuad_test_0085:audit_rights"", ""cuad_test_0085:license_grant""]","[""commercial_economics"", ""corporate_flexibility"", ""intellectual_property""]","[""cap_on_liability"", ""termination_for_convenience""]",At least one distinct issue family contains a Medium finding.,False,False,3310cdd1e51609025da7bd6bfc11d72087bde2b2bdfdf2b8f371f2e159abf3b2
cuad_test_0086,contract_0086,test,86,official_test,context_183c0511db,ScansourceInc_20190822_10-K_EX-10.39_11793959_EX-10.39_Distributor Agreement,distribution,high,high,3,high,3,weak_rule_rollup,buyer_risk_rollup,"[""cuad_test_0086:cap_on_liability""]","[""liability_allocation""]",[],At least one distinct issue family contains a High finding.,False,False,73c1a2a9f68cdab2e62518200def5559058e20553d14f8dff4a6b7574d516416
cuad_test_0087,contract_0087,test,87,official_test,context_aae1a4ad4b,LOOKSMARTLTD_07_20_2012-EX-99.(D)(I)-SPONSORSHIP AGREEMENT,marketing,high,medium,2,medium,2,weak_rule_rollup,buyer_risk_rollup,"[""cuad_test_0087:anti_assignment""]","[""corporate_flexibility""]","[""cap_on_liability"", ""license_grant"", ""termination_for_convenience""]",At least one distinct issue family contains a Medium finding.,False,False,1455fd9c2d9b5abe65cbd8a5b96105312c40c612ad069775fff9619544b6f362
cuad_test_0088,contract_0088,test,88,official_test,context_7e56bcad2a,PcquoteComInc_19990721_S-1A_EX-10.11_6377149_EX-10.11_Co-Branding Agreement2,unknown,low,medium,2,medium,2,weak_rule_rollup,buyer_risk_rollup,"[""cuad_test_0088:governing_law""]","[""dispute_resolution""]","[""cap_on_liability"", ""license_grant"", ""termination_for_convenience""]",At least one distinct issue family contains a Medium finding.,False,False,f4315bbc3c62769c0f78a6c62a6a452e9b0ebbc409a8f7ee6cd73de55a9e01c1
cuad_test_0089,contract_0089,test,89,official_test,context_0b65ffad43,IMPCOTECHNOLOGIESINC_04_15_2003-EX-10.65-JOINT VENTURE AGREEMENT,collaboration,high,high,3,high,3,weak_rule_rollup,buyer_risk_rollup,"[""cuad_test_0089:cap_on_liability""]","[""liability_allocation""]","[""exclusivity""]",At least one distinct issue family contains a High finding.,False,False,7b93d296763d8c74b8c7f623b0524464a5b0f79c03c9a0a9b74bba3b5d55ed66
cuad_test_0090,contract_0090,test,90,official_test,context_11505e2fc9,EbixInc_20010515_10-Q_EX-10.3_4049767_EX-10.3_Co-Branding Agreement,unknown,low,medium,2,medium,2,weak_rule_rollup,buyer_risk_rollup,"[""cuad_test_0090:governing_law""]","[""dispute_resolution""]","[""exclusivity"", ""termination_for_convenience""]",At least one distinct issue family contains a Medium finding.,False,False,c94be1a4bdea0863f185745689662951fe5dc0e32f6ed3637a780119a3e75a18
cuad_test_0091,contract_0091,test,91,official_test,context_c08e5ecfd0,EcoScienceSolutionsInc_20180406_8-K_EX-10.1_11135398_EX-10.1_Sponsorship Agreement,marketing,high,medium,2,medium,2,weak_rule_rollup,buyer_risk_rollup,"[""cuad_test_0091:anti_assignment""]","[""corporate_flexibility""]","[""cap_on_liability"", ""license_grant"", ""termination_for_convenience""]",At least one distinct issue family contains a Medium finding.,False,False,a2bbc78780c5eee0b15768c43c3dd8b15181d714d98273f4a6c4f2478e76a02d
cuad_test_0092,contract_0092,test,92,official_test,context_292d3f9b03,"GOOSEHEADINSURANCE,INC_04_02_2018-EX-10.6-Franchise Agreement",franchise,high,medium,2,medium,2,weak_rule_rollup,buyer_risk_rollup,"[""cuad_test_0092:anti_assignment"", ""cuad_test_0092:audit_rights"", ""cuad_test_0092:license_grant"", ""cuad_test_0092:termination_for_convenience""]","[""commercial_economics"", ""corporate_flexibility"", ""intellectual_property"", ""term_and_exit""]","[""audit_rights"", ""cap_on_liability"", ""license_grant"", ""revenue_profit_sharing""]",At least one distinct issue family contains a Medium finding.,False,False,0c6be355977150d83d8f1ee5dd30f176e637a4e02df72b731131860b079f1b41
cuad_test_0093,contract_0093,test,93,official_test,context_166edcfa00,IdeanomicsInc_20151124_8-K_EX-10.2_9354744_EX-10.2_Content License Agreement,license,high,medium,2,medium,2,weak_rule_rollup,buyer_risk_rollup,"[""cuad_test_0093:anti_assignment"", ""cuad_test_0093:license_grant"", ""cuad_test_0093:revenue_profit_sharing"", ""cuad_test_0093:termination_for_convenience"", ""cuad_test_0093:uncapped_liability""]","[""commercial_economics"", ""corporate_flexibility"", ""intellectual_property"", ""liability_allocation"", ""term_and_exit""]","[""revenue_profit_sharing""]",At least one distinct issue family contains a Medium finding.,False,False,c538e198298848d2e29a5e608ac164c5995768059b85485f564d184ae354f1c5
cuad_test_0094,contract_0094,test,94,official_test,context_67afe2f3da,"PRECIGEN,INC_01_22_2020-EX-99.1-JOINT FILING AGREEMENT",unknown,low,medium,2,medium,2,weak_rule_rollup,buyer_risk_rollup,"[""cuad_test_0094:governing_law""]","[""dispute_resolution""]","[""cap_on_liability"", ""license_grant"", ""termination_for_convenience""]",At least one distinct issue family contains a Medium finding.,False,False,2366edd6ce385cadd88fc3a2bbd17a62775bb54e479b8452c0e2491ada6021e1
cuad_test_0095,contract_0095,test,95,official_test,context_524ecfad7d,PhotronicsInc_20171219_10-QA_EX-10.28_10982650_EX-10.28_Outsourcing Agreement,services,high,medium,2,medium,2,weak_rule_rollup,buyer_risk_rollup,"[""cuad_test_0095:cap_on_liability"", ""cuad_test_0095:governing_law"", ""cuad_test_0095:termination_for_convenience""]","[""dispute_resolution"", ""liability_allocation"", ""term_and_exit""]","[""cap_on_liability""]",At least one distinct issue family contains a Medium finding.,False,False,59b0d3dfd4d156a8bd7bb5a9ee77fe3886699636bfd79f7406b734bc7d100257
cuad_test_0096,contract_0096,test,96,official_test,context_c1418630a4,EMERALDHEALTHTHERAPEUTICSINC_06_10_2020-EX-4.5-CONSULTING AGREEMENT - DR. GAETANO MORELLO N.D. INC.,services,high,high,3,high,3,weak_rule_rollup,buyer_risk_rollup,"[""cuad_test_0096:cap_on_liability""]","[""liability_allocation""]",[],At least one distinct issue family contains a High finding.,False,False,e9b670a117b0093c45379e52dd4aca10ae2e7f5e7460d89816e6546ff7875d96
cuad_test_0097,contract_0097,test,97,official_test,context_c3a85ffbe3,PcquoteComInc_19990721_S-1A_EX-10.11_6377149_EX-10.11_Co-Branding Agreement1,unknown,low,medium,2,medium,2,weak_rule_rollup,buyer_risk_rollup,"[""cuad_test_0097:anti_assignment""]","[""corporate_flexibility""]","[""license_grant"", ""termination_for_convenience""]",At least one distinct issue family contains a Medium finding.,False,False,168e88036f475aca607e6652e1737b7ac92c79b17df3c5ae94ce5999d5e1284d
cuad_test_0098,contract_0098,test,98,official_test,context_aff27fb514,ALCOSTORESINC_12_14_2005-EX-10.26-AGENCY AGREEMENT,unknown,low,medium,2,medium,2,weak_rule_rollup,buyer_risk_rollup,"[""cuad_test_0098:governing_law"", ""cuad_test_0098:license_grant""]","[""dispute_resolution"", ""intellectual_property""]","[""audit_rights"", ""cap_on_liability""]",At least one distinct issue family contains a Medium finding.,False,False,0d8be99620d364c5dc920fdbce6ccdbdec070aa58db2e9550ad6432b29f7e731
cuad_test_0099,contract_0099,test,99,official_test,context_141234b94e,INGEVITYCORP_05_16_2016-EX-10.5-INTELLECTUAL PROPERTY AGREEMENT,unknown,low,medium,2,medium,2,weak_rule_rollup,buyer_risk_rollup,"[""cuad_test_0099:governing_law"", ""cuad_test_0099:license_grant"", ""cuad_test_0099:termination_for_convenience""]","[""dispute_resolution"", ""intellectual_property"", ""term_and_exit""]","[""cap_on_liability"", ""license_grant""]",At least one distinct issue family contains a Medium finding.,False,False,d7eaeae37b293bb0530fb5ff9a62692bd4946598905f1093a534589dd9a32af1
cuad_test_0100,contract_0100,test,100,official_test,context_081cce9463,"NOVOINTEGRATEDSCIENCES,INC_12_23_2019-EX-10.1-JOINT VENTURE AGREEMENT",collaboration,high,high,3,high,3,weak_rule_rollup,buyer_risk_rollup,"[""cuad_test_0100:cap_on_liability""]","[""liability_allocation""]",[],At least one distinct issue family contains a High finding.,False,False,ed8ec45674420e7e9d118f9141a3d0ad67b283c76ff1e2a703d339f731d65c2b
cuad_test_0101,contract_0101,test,101,official_test,context_52c67232c0,XinhuaSportsEntertainmentLtd_20070221_F-1_EX-99.4_645553_EX-99.4_Content License Agreement,license,high,high,3,high,3,weak_rule_rollup,buyer_risk_rollup,"[""cuad_test_0101:cap_on_liability""]","[""liability_allocation""]","[""exclusivity""]",At least one distinct issue family contains a High finding.,False,False,d20ca7099b4894b290f3e0399f466b78ab1cd297bdfc9b270b80528607dcab51
cuad_test_0102,contract_0102,test,102,official_test,context_328cd3f209,MERITLIFEINSURANCECO_06_19_2020-EX-10.(XIV)-MASTER SERVICES AGREEMENT,services,high,medium,2,medium,2,weak_rule_rollup,buyer_risk_rollup,"[""cuad_test_0102:license_grant"", ""cuad_test_0102:uncapped_liability""]","[""intellectual_property"", ""liability_allocation""]",[],At least one distinct issue family contains a Medium finding.,False,False,09eac9cb5a8cacc009776409a7206c71ac2817174426dc2009ec7e06c2fb7af9
